FILENAME,PEPMASS,CHARGE,UNPD_ID,MOLECULAR_FORMULA,IONMODE,EXACTMASS,NAME,SMILES,INCHI,INCHIAUX,SCANS,MZ,INTENSITY
PMA_090115,897.4842269,1+,UNPD182224,C46H72O17,Positive,896.4769509,UNPD182224,CC1(C)CC2C3=CCC4C5(C)CCC(OC6OC(COC7OCC(O)C(O)C7OC8OCC(O)C(O)C8O)C(O)C(O)C6O)C(C)(C)C5CCC4(C)C3(C)CC(O)C29CC1OC9=O,"InChI=1/C46H72O17/c1-41(2)14-21-20-8-9-26-43(5)12-11-28(42(3,4)25(43)10-13-44(26,6)45(20,7)15-27(49)46(21)16-29(41)62-40(46)56)61-38-35(55)33(53)32(52)24(60-38)19-59-39-36(31(51)23(48)18-58-39)63-37-34(54)30(50)22(47)17-57-37/h8,21-39,47-55H,9-19H2,1-7H3/t21-,22+,23-,24+,25-,26+,27+,28-,29-,30-,31-,32+,33-,34+,35+,36+,37-,38-,39-,43-,44+,45+,46+/m0/s1",PVLIPPHITNPLBJ-XSLOFZTCSA-N,1,133.0500838,3.587550603
PMA_090115,897.4842269,1+,UNPD182224,C46H72O17,Positive,896.4769509,UNPD182224,CC1(C)CC2C3=CCC4C5(C)CCC(OC6OC(COC7OCC(O)C(O)C7OC8OCC(O)C(O)C8O)C(O)C(O)C6O)C(C)(C)C5CCC4(C)C3(C)CC(O)C29CC1OC9=O,"InChI=1/C46H72O17/c1-41(2)14-21-20-8-9-26-43(5)12-11-28(42(3,4)25(43)10-13-44(26,6)45(20,7)15-27(49)46(21)16-29(41)62-40(46)56)61-38-35(55)33(53)32(52)24(60-38)19-59-39-36(31(51)23(48)18-58-39)63-37-34(54)30(50)22(47)17-57-37/h8,21-39,47-55H,9-19H2,1-7H3/t21-,22+,23-,24+,25-,26+,27+,28-,29-,30-,31-,32+,33-,34+,35+,36+,37-,38-,39-,43-,44+,45+,46+/m0/s1",PVLIPPHITNPLBJ-XSLOFZTCSA-N,1,151.0606485,1.378088351
PMA_090115,897.4842269,1+,UNPD182224,C46H72O17,Positive,896.4769509,UNPD182224,CC1(C)CC2C3=CCC4C5(C)CCC(OC6OC(COC7OCC(O)C(O)C7OC8OCC(O)C(O)C8O)C(O)C(O)C6O)C(C)(C)C5CCC4(C)C3(C)CC(O)C29CC1OC9=O,"InChI=1/C46H72O17/c1-41(2)14-21-20-8-9-26-43(5)12-11-28(42(3,4)25(43)10-13-44(26,6)45(20,7)15-27(49)46(21)16-29(41)62-40(46)56)61-38-35(55)33(53)32(52)24(60-38)19-59-39-36(31(51)23(48)18-58-39)63-37-34(54)30(50)22(47)17-57-37/h8,21-39,47-55H,9-19H2,1-7H3/t21-,22+,23-,24+,25-,26+,27+,28-,29-,30-,31-,32+,33-,34+,35+,36+,37-,38-,39-,43-,44+,45+,46+/m0/s1",PVLIPPHITNPLBJ-XSLOFZTCSA-N,1,163.0606485,0.5538567532
PMA_090115,897.4842269,1+,UNPD182224,C46H72O17,Positive,896.4769509,UNPD182224,CC1(C)CC2C3=CCC4C5(C)CCC(OC6OC(COC7OCC(O)C(O)C7OC8OCC(O)C(O)C8O)C(O)C(O)C6O)C(C)(C)C5CCC4(C)C3(C)CC(O)C29CC1OC9=O,"InChI=1/C46H72O17/c1-41(2)14-21-20-8-9-26-43(5)12-11-28(42(3,4)25(43)10-13-44(26,6)45(20,7)15-27(49)46(21)16-29(41)62-40(46)56)61-38-35(55)33(53)32(52)24(60-38)19-59-39-36(31(51)23(48)18-58-39)63-37-34(54)30(50)22(47)17-57-37/h8,21-39,47-55H,9-19H2,1-7H3/t21-,22+,23-,24+,25-,26+,27+,28-,29-,30-,31-,32+,33-,34+,35+,36+,37-,38-,39-,43-,44+,45+,46+/m0/s1",PVLIPPHITNPLBJ-XSLOFZTCSA-N,1,265.0923425,0.9747330397
PMA_090115,897.4842269,1+,UNPD182224,C46H72O17,Positive,896.4769509,UNPD182224,CC1(C)CC2C3=CCC4C5(C)CCC(OC6OC(COC7OCC(O)C(O)C7OC8OCC(O)C(O)C8O)C(O)C(O)C6O)C(C)(C)C5CCC4(C)C3(C)CC(O)C29CC1OC9=O,"InChI=1/C46H72O17/c1-41(2)14-21-20-8-9-26-43(5)12-11-28(42(3,4)25(43)10-13-44(26,6)45(20,7)15-27(49)46(21)16-29(41)62-40(46)56)61-38-35(55)33(53)32(52)24(60-38)19-59-39-36(31(51)23(48)18-58-39)63-37-34(54)30(50)22(47)17-57-37/h8,21-39,47-55H,9-19H2,1-7H3/t21-,22+,23-,24+,25-,26+,27+,28-,29-,30-,31-,32+,33-,34+,35+,36+,37-,38-,39-,43-,44+,45+,46+/m0/s1",PVLIPPHITNPLBJ-XSLOFZTCSA-N,1,295.1029072,0.9379698194
PMA_090115,897.4842269,1+,UNPD182224,C46H72O17,Positive,896.4769509,UNPD182224,CC1(C)CC2C3=CCC4C5(C)CCC(OC6OC(COC7OCC(O)C(O)C7OC8OCC(O)C(O)C8O)C(O)C(O)C6O)C(C)(C)C5CCC4(C)C3(C)CC(O)C29CC1OC9=O,"InChI=1/C46H72O17/c1-41(2)14-21-20-8-9-26-43(5)12-11-28(42(3,4)25(43)10-13-44(26,6)45(20,7)15-27(49)46(21)16-29(41)62-40(46)56)61-38-35(55)33(53)32(52)24(60-38)19-59-39-36(31(51)23(48)18-58-39)63-37-34(54)30(50)22(47)17-57-37/h8,21-39,47-55H,9-19H2,1-7H3/t21-,22+,23-,24+,25-,26+,27+,28-,29-,30-,31-,32+,33-,34+,35+,36+,37-,38-,39-,43-,44+,45+,46+/m0/s1",PVLIPPHITNPLBJ-XSLOFZTCSA-N,1,423.3263056,0.9769142945
PMA_090115,897.4842269,1+,UNPD182224,C46H72O17,Positive,896.4769509,UNPD182224,CC1(C)CC2C3=CCC4C5(C)CCC(OC6OC(COC7OCC(O)C(O)C7OC8OCC(O)C(O)C8O)C(O)C(O)C6O)C(C)(C)C5CCC4(C)C3(C)CC(O)C29CC1OC9=O,"InChI=1/C46H72O17/c1-41(2)14-21-20-8-9-26-43(5)12-11-28(42(3,4)25(43)10-13-44(26,6)45(20,7)15-27(49)46(21)16-29(41)62-40(46)56)61-38-35(55)33(53)32(52)24(60-38)19-59-39-36(31(51)23(48)18-58-39)63-37-34(54)30(50)22(47)17-57-37/h8,21-39,47-55H,9-19H2,1-7H3/t21-,22+,23-,24+,25-,26+,27+,28-,29-,30-,31-,32+,33-,34+,35+,36+,37-,38-,39-,43-,44+,45+,46+/m0/s1",PVLIPPHITNPLBJ-XSLOFZTCSA-N,1,427.1451659,0.8334102768
PMA_090115,897.4842269,1+,UNPD182224,C46H72O17,Positive,896.4769509,UNPD182224,CC1(C)CC2C3=CCC4C5(C)CCC(OC6OC(COC7OCC(O)C(O)C7OC8OCC(O)C(O)C8O)C(O)C(O)C6O)C(C)(C)C5CCC4(C)C3(C)CC(O)C29CC1OC9=O,"InChI=1/C46H72O17/c1-41(2)14-21-20-8-9-26-43(5)12-11-28(42(3,4)25(43)10-13-44(26,6)45(20,7)15-27(49)46(21)16-29(41)62-40(46)56)61-38-35(55)33(53)32(52)24(60-38)19-59-39-36(31(51)23(48)18-58-39)63-37-34(54)30(50)22(47)17-57-37/h8,21-39,47-55H,9-19H2,1-7H3/t21-,22+,23-,24+,25-,26+,27+,28-,29-,30-,31-,32+,33-,34+,35+,36+,37-,38-,39-,43-,44+,45+,46+/m0/s1",PVLIPPHITNPLBJ-XSLOFZTCSA-N,1,427.3576057,0.708887258
PMA_090115,897.4842269,1+,UNPD182224,C46H72O17,Positive,896.4769509,UNPD182224,CC1(C)CC2C3=CCC4C5(C)CCC(OC6OC(COC7OCC(O)C(O)C7OC8OCC(O)C(O)C8O)C(O)C(O)C6O)C(C)(C)C5CCC4(C)C3(C)CC(O)C29CC1OC9=O,"InChI=1/C46H72O17/c1-41(2)14-21-20-8-9-26-43(5)12-11-28(42(3,4)25(43)10-13-44(26,6)45(20,7)15-27(49)46(21)16-29(41)62-40(46)56)61-38-35(55)33(53)32(52)24(60-38)19-59-39-36(31(51)23(48)18-58-39)63-37-34(54)30(50)22(47)17-57-37/h8,21-39,47-55H,9-19H2,1-7H3/t21-,22+,23-,24+,25-,26+,27+,28-,29-,30-,31-,32+,33-,34+,35+,36+,37-,38-,39-,43-,44+,45+,46+/m0/s1",PVLIPPHITNPLBJ-XSLOFZTCSA-N,1,435.3263056,3.062132945
PMA_090115,897.4842269,1+,UNPD182224,C46H72O17,Positive,896.4769509,UNPD182224,CC1(C)CC2C3=CCC4C5(C)CCC(OC6OC(COC7OCC(O)C(O)C7OC8OCC(O)C(O)C8O)C(O)C(O)C6O)C(C)(C)C5CCC4(C)C3(C)CC(O)C29CC1OC9=O,"InChI=1/C46H72O17/c1-41(2)14-21-20-8-9-26-43(5)12-11-28(42(3,4)25(43)10-13-44(26,6)45(20,7)15-27(49)46(21)16-29(41)62-40(46)56)61-38-35(55)33(53)32(52)24(60-38)19-59-39-36(31(51)23(48)18-58-39)63-37-34(54)30(50)22(47)17-57-37/h8,21-39,47-55H,9-19H2,1-7H3/t21-,22+,23-,24+,25-,26+,27+,28-,29-,30-,31-,32+,33-,34+,35+,36+,37-,38-,39-,43-,44+,45+,46+/m0/s1",PVLIPPHITNPLBJ-XSLOFZTCSA-N,1,441.3368703,0.6091803437
PMA_090115,897.4842269,1+,UNPD182224,C46H72O17,Positive,896.4769509,UNPD182224,CC1(C)CC2C3=CCC4C5(C)CCC(OC6OC(COC7OCC(O)C(O)C7OC8OCC(O)C(O)C8O)C(O)C(O)C6O)C(C)(C)C5CCC4(C)C3(C)CC(O)C29CC1OC9=O,"InChI=1/C46H72O17/c1-41(2)14-21-20-8-9-26-43(5)12-11-28(42(3,4)25(43)10-13-44(26,6)45(20,7)15-27(49)46(21)16-29(41)62-40(46)56)61-38-35(55)33(53)32(52)24(60-38)19-59-39-36(31(51)23(48)18-58-39)63-37-34(54)30(50)22(47)17-57-37/h8,21-39,47-55H,9-19H2,1-7H3/t21-,22+,23-,24+,25-,26+,27+,28-,29-,30-,31-,32+,33-,34+,35+,36+,37-,38-,39-,43-,44+,45+,46+/m0/s1",PVLIPPHITNPLBJ-XSLOFZTCSA-N,1,451.3212202,0.6505330945
PMA_090115,897.4842269,1+,UNPD182224,C46H72O17,Positive,896.4769509,UNPD182224,CC1(C)CC2C3=CCC4C5(C)CCC(OC6OC(COC7OCC(O)C(O)C7OC8OCC(O)C(O)C8O)C(O)C(O)C6O)C(C)(C)C5CCC4(C)C3(C)CC(O)C29CC1OC9=O,"InChI=1/C46H72O17/c1-41(2)14-21-20-8-9-26-43(5)12-11-28(42(3,4)25(43)10-13-44(26,6)45(20,7)15-27(49)46(21)16-29(41)62-40(46)56)61-38-35(55)33(53)32(52)24(60-38)19-59-39-36(31(51)23(48)18-58-39)63-37-34(54)30(50)22(47)17-57-37/h8,21-39,47-55H,9-19H2,1-7H3/t21-,22+,23-,24+,25-,26+,27+,28-,29-,30-,31-,32+,33-,34+,35+,36+,37-,38-,39-,43-,44+,45+,46+/m0/s1",PVLIPPHITNPLBJ-XSLOFZTCSA-N,1,453.3368703,12.91370513
PMA_090115,897.4842269,1+,UNPD182224,C46H72O17,Positive,896.4769509,UNPD182224,CC1(C)CC2C3=CCC4C5(C)CCC(OC6OC(COC7OCC(O)C(O)C7OC8OCC(O)C(O)C8O)C(O)C(O)C6O)C(C)(C)C5CCC4(C)C3(C)CC(O)C29CC1OC9=O,"InChI=1/C46H72O17/c1-41(2)14-21-20-8-9-26-43(5)12-11-28(42(3,4)25(43)10-13-44(26,6)45(20,7)15-27(49)46(21)16-29(41)62-40(46)56)61-38-35(55)33(53)32(52)24(60-38)19-59-39-36(31(51)23(48)18-58-39)63-37-34(54)30(50)22(47)17-57-37/h8,21-39,47-55H,9-19H2,1-7H3/t21-,22+,23-,24+,25-,26+,27+,28-,29-,30-,31-,32+,33-,34+,35+,36+,37-,38-,39-,43-,44+,45+,46+/m0/s1",PVLIPPHITNPLBJ-XSLOFZTCSA-N,1,455.3525204,0.5936094579
PMA_090115,897.4842269,1+,UNPD182224,C46H72O17,Positive,896.4769509,UNPD182224,CC1(C)CC2C3=CCC4C5(C)CCC(OC6OC(COC7OCC(O)C(O)C7OC8OCC(O)C(O)C8O)C(O)C(O)C6O)C(C)(C)C5CCC4(C)C3(C)CC(O)C29CC1OC9=O,"InChI=1/C46H72O17/c1-41(2)14-21-20-8-9-26-43(5)12-11-28(42(3,4)25(43)10-13-44(26,6)45(20,7)15-27(49)46(21)16-29(41)62-40(46)56)61-38-35(55)33(53)32(52)24(60-38)19-59-39-36(31(51)23(48)18-58-39)63-37-34(54)30(50)22(47)17-57-37/h8,21-39,47-55H,9-19H2,1-7H3/t21-,22+,23-,24+,25-,26+,27+,28-,29-,30-,31-,32+,33-,34+,35+,36+,37-,38-,39-,43-,44+,45+,46+/m0/s1",PVLIPPHITNPLBJ-XSLOFZTCSA-N,1,471.347435,13.50522402
PMA_090115,897.4842269,1+,UNPD182224,C46H72O17,Positive,896.4769509,UNPD182224,CC1(C)CC2C3=CCC4C5(C)CCC(OC6OC(COC7OCC(O)C(O)C7OC8OCC(O)C(O)C8O)C(O)C(O)C6O)C(C)(C)C5CCC4(C)C3(C)CC(O)C29CC1OC9=O,"InChI=1/C46H72O17/c1-41(2)14-21-20-8-9-26-43(5)12-11-28(42(3,4)25(43)10-13-44(26,6)45(20,7)15-27(49)46(21)16-29(41)62-40(46)56)61-38-35(55)33(53)32(52)24(60-38)19-59-39-36(31(51)23(48)18-58-39)63-37-34(54)30(50)22(47)17-57-37/h8,21-39,47-55H,9-19H2,1-7H3/t21-,22+,23-,24+,25-,26+,27+,28-,29-,30-,31-,32+,33-,34+,35+,36+,37-,38-,39-,43-,44+,45+,46+/m0/s1",PVLIPPHITNPLBJ-XSLOFZTCSA-N,1,597.379129,0.8027157452
PMA_090115,897.4842269,1+,UNPD182224,C46H72O17,Positive,896.4769509,UNPD182224,CC1(C)CC2C3=CCC4C5(C)CCC(OC6OC(COC7OCC(O)C(O)C7OC8OCC(O)C(O)C8O)C(O)C(O)C6O)C(C)(C)C5CCC4(C)C3(C)CC(O)C29CC1OC9=O,"InChI=1/C46H72O17/c1-41(2)14-21-20-8-9-26-43(5)12-11-28(42(3,4)25(43)10-13-44(26,6)45(20,7)15-27(49)46(21)16-29(41)62-40(46)56)61-38-35(55)33(53)32(52)24(60-38)19-59-39-36(31(51)23(48)18-58-39)63-37-34(54)30(50)22(47)17-57-37/h8,21-39,47-55H,9-19H2,1-7H3/t21-,22+,23-,24+,25-,26+,27+,28-,29-,30-,31-,32+,33-,34+,35+,36+,37-,38-,39-,43-,44+,45+,46+/m0/s1",PVLIPPHITNPLBJ-XSLOFZTCSA-N,1,615.3896937,2.807904142
PMA_090115,897.4842269,1+,UNPD182224,C46H72O17,Positive,896.4769509,UNPD182224,CC1(C)CC2C3=CCC4C5(C)CCC(OC6OC(COC7OCC(O)C(O)C7OC8OCC(O)C(O)C8O)C(O)C(O)C6O)C(C)(C)C5CCC4(C)C3(C)CC(O)C29CC1OC9=O,"InChI=1/C46H72O17/c1-41(2)14-21-20-8-9-26-43(5)12-11-28(42(3,4)25(43)10-13-44(26,6)45(20,7)15-27(49)46(21)16-29(41)62-40(46)56)61-38-35(55)33(53)32(52)24(60-38)19-59-39-36(31(51)23(48)18-58-39)63-37-34(54)30(50)22(47)17-57-37/h8,21-39,47-55H,9-19H2,1-7H3/t21-,22+,23-,24+,25-,26+,27+,28-,29-,30-,31-,32+,33-,34+,35+,36+,37-,38-,39-,43-,44+,45+,46+/m0/s1",PVLIPPHITNPLBJ-XSLOFZTCSA-N,1,633.4002584,1.597081285
PMA_090115,897.4842269,1+,UNPD182224,C46H72O17,Positive,896.4769509,UNPD182224,CC1(C)CC2C3=CCC4C5(C)CCC(OC6OC(COC7OCC(O)C(O)C7OC8OCC(O)C(O)C8O)C(O)C(O)C6O)C(C)(C)C5CCC4(C)C3(C)CC(O)C29CC1OC9=O,"InChI=1/C46H72O17/c1-41(2)14-21-20-8-9-26-43(5)12-11-28(42(3,4)25(43)10-13-44(26,6)45(20,7)15-27(49)46(21)16-29(41)62-40(46)56)61-38-35(55)33(53)32(52)24(60-38)19-59-39-36(31(51)23(48)18-58-39)63-37-34(54)30(50)22(47)17-57-37/h8,21-39,47-55H,9-19H2,1-7H3/t21-,22+,23-,24+,25-,26+,27+,28-,29-,30-,31-,32+,33-,34+,35+,36+,37-,38-,39-,43-,44+,45+,46+/m0/s1",PVLIPPHITNPLBJ-XSLOFZTCSA-N,1,721.4526879,0.6366457095
PMA_090115,897.4842269,1+,UNPD182224,C46H72O17,Positive,896.4769509,UNPD182224,CC1(C)CC2C3=CCC4C5(C)CCC(OC6OC(COC7OCC(O)C(O)C7OC8OCC(O)C(O)C8O)C(O)C(O)C6O)C(C)(C)C5CCC4(C)C3(C)CC(O)C29CC1OC9=O,"InChI=1/C46H72O17/c1-41(2)14-21-20-8-9-26-43(5)12-11-28(42(3,4)25(43)10-13-44(26,6)45(20,7)15-27(49)46(21)16-29(41)62-40(46)56)61-38-35(55)33(53)32(52)24(60-38)19-59-39-36(31(51)23(48)18-58-39)63-37-34(54)30(50)22(47)17-57-37/h8,21-39,47-55H,9-19H2,1-7H3/t21-,22+,23-,24+,25-,26+,27+,28-,29-,30-,31-,32+,33-,34+,35+,36+,37-,38-,39-,43-,44+,45+,46+/m0/s1",PVLIPPHITNPLBJ-XSLOFZTCSA-N,1,729.4213878,2.12864556
PMA_090115,897.4842269,1+,UNPD182224,C46H72O17,Positive,896.4769509,UNPD182224,CC1(C)CC2C3=CCC4C5(C)CCC(OC6OC(COC7OCC(O)C(O)C7OC8OCC(O)C(O)C8O)C(O)C(O)C6O)C(C)(C)C5CCC4(C)C3(C)CC(O)C29CC1OC9=O,"InChI=1/C46H72O17/c1-41(2)14-21-20-8-9-26-43(5)12-11-28(42(3,4)25(43)10-13-44(26,6)45(20,7)15-27(49)46(21)16-29(41)62-40(46)56)61-38-35(55)33(53)32(52)24(60-38)19-59-39-36(31(51)23(48)18-58-39)63-37-34(54)30(50)22(47)17-57-37/h8,21-39,47-55H,9-19H2,1-7H3/t21-,22+,23-,24+,25-,26+,27+,28-,29-,30-,31-,32+,33-,34+,35+,36+,37-,38-,39-,43-,44+,45+,46+/m0/s1",PVLIPPHITNPLBJ-XSLOFZTCSA-N,1,731.4370378,1.312340442
PMA_090115,897.4842269,1+,UNPD182224,C46H72O17,Positive,896.4769509,UNPD182224,CC1(C)CC2C3=CCC4C5(C)CCC(OC6OC(COC7OCC(O)C(O)C7OC8OCC(O)C(O)C8O)C(O)C(O)C6O)C(C)(C)C5CCC4(C)C3(C)CC(O)C29CC1OC9=O,"InChI=1/C46H72O17/c1-41(2)14-21-20-8-9-26-43(5)12-11-28(42(3,4)25(43)10-13-44(26,6)45(20,7)15-27(49)46(21)16-29(41)62-40(46)56)61-38-35(55)33(53)32(52)24(60-38)19-59-39-36(31(51)23(48)18-58-39)63-37-34(54)30(50)22(47)17-57-37/h8,21-39,47-55H,9-19H2,1-7H3/t21-,22+,23-,24+,25-,26+,27+,28-,29-,30-,31-,32+,33-,34+,35+,36+,37-,38-,39-,43-,44+,45+,46+/m0/s1",PVLIPPHITNPLBJ-XSLOFZTCSA-N,1,745.4163024,1.015603987
PMA_090115,897.4842269,1+,UNPD182224,C46H72O17,Positive,896.4769509,UNPD182224,CC1(C)CC2C3=CCC4C5(C)CCC(OC6OC(COC7OCC(O)C(O)C7OC8OCC(O)C(O)C8O)C(O)C(O)C6O)C(C)(C)C5CCC4(C)C3(C)CC(O)C29CC1OC9=O,"InChI=1/C46H72O17/c1-41(2)14-21-20-8-9-26-43(5)12-11-28(42(3,4)25(43)10-13-44(26,6)45(20,7)15-27(49)46(21)16-29(41)62-40(46)56)61-38-35(55)33(53)32(52)24(60-38)19-59-39-36(31(51)23(48)18-58-39)63-37-34(54)30(50)22(47)17-57-37/h8,21-39,47-55H,9-19H2,1-7H3/t21-,22+,23-,24+,25-,26+,27+,28-,29-,30-,31-,32+,33-,34+,35+,36+,37-,38-,39-,43-,44+,45+,46+/m0/s1",PVLIPPHITNPLBJ-XSLOFZTCSA-N,1,747.4319525,13.34233162
PMA_090115,897.4842269,1+,UNPD182224,C46H72O17,Positive,896.4769509,UNPD182224,CC1(C)CC2C3=CCC4C5(C)CCC(OC6OC(COC7OCC(O)C(O)C7OC8OCC(O)C(O)C8O)C(O)C(O)C6O)C(C)(C)C5CCC4(C)C3(C)CC(O)C29CC1OC9=O,"InChI=1/C46H72O17/c1-41(2)14-21-20-8-9-26-43(5)12-11-28(42(3,4)25(43)10-13-44(26,6)45(20,7)15-27(49)46(21)16-29(41)62-40(46)56)61-38-35(55)33(53)32(52)24(60-38)19-59-39-36(31(51)23(48)18-58-39)63-37-34(54)30(50)22(47)17-57-37/h8,21-39,47-55H,9-19H2,1-7H3/t21-,22+,23-,24+,25-,26+,27+,28-,29-,30-,31-,32+,33-,34+,35+,36+,37-,38-,39-,43-,44+,45+,46+/m0/s1",PVLIPPHITNPLBJ-XSLOFZTCSA-N,1,749.4476025,0.8345867929
PMA_090115,897.4842269,1+,UNPD182224,C46H72O17,Positive,896.4769509,UNPD182224,CC1(C)CC2C3=CCC4C5(C)CCC(OC6OC(COC7OCC(O)C(O)C7OC8OCC(O)C(O)C8O)C(O)C(O)C6O)C(C)(C)C5CCC4(C)C3(C)CC(O)C29CC1OC9=O,"InChI=1/C46H72O17/c1-41(2)14-21-20-8-9-26-43(5)12-11-28(42(3,4)25(43)10-13-44(26,6)45(20,7)15-27(49)46(21)16-29(41)62-40(46)56)61-38-35(55)33(53)32(52)24(60-38)19-59-39-36(31(51)23(48)18-58-39)63-37-34(54)30(50)22(47)17-57-37/h8,21-39,47-55H,9-19H2,1-7H3/t21-,22+,23-,24+,25-,26+,27+,28-,29-,30-,31-,32+,33-,34+,35+,36+,37-,38-,39-,43-,44+,45+,46+/m0/s1",PVLIPPHITNPLBJ-XSLOFZTCSA-N,1,765.4425171,6.600097013
PMA_090115,897.4842269,1+,UNPD182224,C46H72O17,Positive,896.4769509,UNPD182224,CC1(C)CC2C3=CCC4C5(C)CCC(OC6OC(COC7OCC(O)C(O)C7OC8OCC(O)C(O)C8O)C(O)C(O)C6O)C(C)(C)C5CCC4(C)C3(C)CC(O)C29CC1OC9=O,"InChI=1/C46H72O17/c1-41(2)14-21-20-8-9-26-43(5)12-11-28(42(3,4)25(43)10-13-44(26,6)45(20,7)15-27(49)46(21)16-29(41)62-40(46)56)61-38-35(55)33(53)32(52)24(60-38)19-59-39-36(31(51)23(48)18-58-39)63-37-34(54)30(50)22(47)17-57-37/h8,21-39,47-55H,9-19H2,1-7H3/t21-,22+,23-,24+,25-,26+,27+,28-,29-,30-,31-,32+,33-,34+,35+,36+,37-,38-,39-,43-,44+,45+,46+/m0/s1",PVLIPPHITNPLBJ-XSLOFZTCSA-N,1,849.4636465,0.6153282309
PMA_090115,897.4842269,1+,UNPD182224,C46H72O17,Positive,896.4769509,UNPD182224,CC1(C)CC2C3=CCC4C5(C)CCC(OC6OC(COC7OCC(O)C(O)C7OC8OCC(O)C(O)C8O)C(O)C(O)C6O)C(C)(C)C5CCC4(C)C3(C)CC(O)C29CC1OC9=O,"InChI=1/C46H72O17/c1-41(2)14-21-20-8-9-26-43(5)12-11-28(42(3,4)25(43)10-13-44(26,6)45(20,7)15-27(49)46(21)16-29(41)62-40(46)56)61-38-35(55)33(53)32(52)24(60-38)19-59-39-36(31(51)23(48)18-58-39)63-37-34(54)30(50)22(47)17-57-37/h8,21-39,47-55H,9-19H2,1-7H3/t21-,22+,23-,24+,25-,26+,27+,28-,29-,30-,31-,32+,33-,34+,35+,36+,37-,38-,39-,43-,44+,45+,46+/m0/s1",PVLIPPHITNPLBJ-XSLOFZTCSA-N,1,851.4792966,0.6425997852
PMA_090115,897.4842269,1+,UNPD182224,C46H72O17,Positive,896.4769509,UNPD182224,CC1(C)CC2C3=CCC4C5(C)CCC(OC6OC(COC7OCC(O)C(O)C7OC8OCC(O)C(O)C8O)C(O)C(O)C6O)C(C)(C)C5CCC4(C)C3(C)CC(O)C29CC1OC9=O,"InChI=1/C46H72O17/c1-41(2)14-21-20-8-9-26-43(5)12-11-28(42(3,4)25(43)10-13-44(26,6)45(20,7)15-27(49)46(21)16-29(41)62-40(46)56)61-38-35(55)33(53)32(52)24(60-38)19-59-39-36(31(51)23(48)18-58-39)63-37-34(54)30(50)22(47)17-57-37/h8,21-39,47-55H,9-19H2,1-7H3/t21-,22+,23-,24+,25-,26+,27+,28-,29-,30-,31-,32+,33-,34+,35+,36+,37-,38-,39-,43-,44+,45+,46+/m0/s1",PVLIPPHITNPLBJ-XSLOFZTCSA-N,1,853.4949466,0.8198603176
PMA_090115,897.4842269,1+,UNPD182224,C46H72O17,Positive,896.4769509,UNPD182224,CC1(C)CC2C3=CCC4C5(C)CCC(OC6OC(COC7OCC(O)C(O)C7OC8OCC(O)C(O)C8O)C(O)C(O)C6O)C(C)(C)C5CCC4(C)C3(C)CC(O)C29CC1OC9=O,"InChI=1/C46H72O17/c1-41(2)14-21-20-8-9-26-43(5)12-11-28(42(3,4)25(43)10-13-44(26,6)45(20,7)15-27(49)46(21)16-29(41)62-40(46)56)61-38-35(55)33(53)32(52)24(60-38)19-59-39-36(31(51)23(48)18-58-39)63-37-34(54)30(50)22(47)17-57-37/h8,21-39,47-55H,9-19H2,1-7H3/t21-,22+,23-,24+,25-,26+,27+,28-,29-,30-,31-,32+,33-,34+,35+,36+,37-,38-,39-,43-,44+,45+,46+/m0/s1",PVLIPPHITNPLBJ-XSLOFZTCSA-N,1,861.4636465,4.30979946
PMA_090115,897.4842269,1+,UNPD182224,C46H72O17,Positive,896.4769509,UNPD182224,CC1(C)CC2C3=CCC4C5(C)CCC(OC6OC(COC7OCC(O)C(O)C7OC8OCC(O)C(O)C8O)C(O)C(O)C6O)C(C)(C)C5CCC4(C)C3(C)CC(O)C29CC1OC9=O,"InChI=1/C46H72O17/c1-41(2)14-21-20-8-9-26-43(5)12-11-28(42(3,4)25(43)10-13-44(26,6)45(20,7)15-27(49)46(21)16-29(41)62-40(46)56)61-38-35(55)33(53)32(52)24(60-38)19-59-39-36(31(51)23(48)18-58-39)63-37-34(54)30(50)22(47)17-57-37/h8,21-39,47-55H,9-19H2,1-7H3/t21-,22+,23-,24+,25-,26+,27+,28-,29-,30-,31-,32+,33-,34+,35+,36+,37-,38-,39-,43-,44+,45+,46+/m0/s1",PVLIPPHITNPLBJ-XSLOFZTCSA-N,1,879.4742112,14.27272699
PMA_090115,897.4842269,1+,UNPD182224,C46H72O17,Positive,896.4769509,UNPD182224,CC1(C)CC2C3=CCC4C5(C)CCC(OC6OC(COC7OCC(O)C(O)C7OC8OCC(O)C(O)C8O)C(O)C(O)C6O)C(C)(C)C5CCC4(C)C3(C)CC(O)C29CC1OC9=O,"InChI=1/C46H72O17/c1-41(2)14-21-20-8-9-26-43(5)12-11-28(42(3,4)25(43)10-13-44(26,6)45(20,7)15-27(49)46(21)16-29(41)62-40(46)56)61-38-35(55)33(53)32(52)24(60-38)19-59-39-36(31(51)23(48)18-58-39)63-37-34(54)30(50)22(47)17-57-37/h8,21-39,47-55H,9-19H2,1-7H3/t21-,22+,23-,24+,25-,26+,27+,28-,29-,30-,31-,32+,33-,34+,35+,36+,37-,38-,39-,43-,44+,45+,46+/m0/s1",PVLIPPHITNPLBJ-XSLOFZTCSA-N,1,879.4742112,1.584513804
PMA_090115,897.4842269,1+,UNPD182224,C46H72O17,Positive,896.4769509,UNPD182224,CC1(C)CC2C3=CCC4C5(C)CCC(OC6OC(COC7OCC(O)C(O)C7OC8OCC(O)C(O)C8O)C(O)C(O)C6O)C(C)(C)C5CCC4(C)C3(C)CC(O)C29CC1OC9=O,"InChI=1/C46H72O17/c1-41(2)14-21-20-8-9-26-43(5)12-11-28(42(3,4)25(43)10-13-44(26,6)45(20,7)15-27(49)46(21)16-29(41)62-40(46)56)61-38-35(55)33(53)32(52)24(60-38)19-59-39-36(31(51)23(48)18-58-39)63-37-34(54)30(50)22(47)17-57-37/h8,21-39,47-55H,9-19H2,1-7H3/t21-,22+,23-,24+,25-,26+,27+,28-,29-,30-,31-,32+,33-,34+,35+,36+,37-,38-,39-,43-,44+,45+,46+/m0/s1",PVLIPPHITNPLBJ-XSLOFZTCSA-N,1,897.4847759,5.391423727
PMA_090115,897.4842269,1+,UNPD182224,C46H72O17,Positive,896.4769509,UNPD182224,CC1(C)CC2C3=CCC4C5(C)CCC(OC6OC(COC7OCC(O)C(O)C7OC8OCC(O)C(O)C8O)C(O)C(O)C6O)C(C)(C)C5CCC4(C)C3(C)CC(O)C29CC1OC9=O,"InChI=1/C46H72O17/c1-41(2)14-21-20-8-9-26-43(5)12-11-28(42(3,4)25(43)10-13-44(26,6)45(20,7)15-27(49)46(21)16-29(41)62-40(46)56)61-38-35(55)33(53)32(52)24(60-38)19-59-39-36(31(51)23(48)18-58-39)63-37-34(54)30(50)22(47)17-57-37/h8,21-39,47-55H,9-19H2,1-7H3/t21-,22+,23-,24+,25-,26+,27+,28-,29-,30-,31-,32+,33-,34+,35+,36+,37-,38-,39-,43-,44+,45+,46+/m0/s1",PVLIPPHITNPLBJ-XSLOFZTCSA-N,1,57.07042529,0.8249234055
PMA_090115,897.4842269,1+,UNPD182224,C46H72O17,Positive,896.4769509,UNPD182224,CC1(C)CC2C3=CCC4C5(C)CCC(OC6OC(COC7OCC(O)C(O)C7OC8OCC(O)C(O)C8O)C(O)C(O)C6O)C(C)(C)C5CCC4(C)C3(C)CC(O)C29CC1OC9=O,"InChI=1/C46H72O17/c1-41(2)14-21-20-8-9-26-43(5)12-11-28(42(3,4)25(43)10-13-44(26,6)45(20,7)15-27(49)46(21)16-29(41)62-40(46)56)61-38-35(55)33(53)32(52)24(60-38)19-59-39-36(31(51)23(48)18-58-39)63-37-34(54)30(50)22(47)17-57-37/h8,21-39,47-55H,9-19H2,1-7H3/t21-,22+,23-,24+,25-,26+,27+,28-,29-,30-,31-,32+,33-,34+,35+,36+,37-,38-,39-,43-,44+,45+,46+/m0/s1",PVLIPPHITNPLBJ-XSLOFZTCSA-N,1,115.0395191,0.7266529286
PMA_090115,897.4842269,1+,UNPD182224,C46H72O17,Positive,896.4769509,UNPD182224,CC1(C)CC2C3=CCC4C5(C)CCC(OC6OC(COC7OCC(O)C(O)C7OC8OCC(O)C(O)C8O)C(O)C(O)C6O)C(C)(C)C5CCC4(C)C3(C)CC(O)C29CC1OC9=O,"InChI=1/C46H72O17/c1-41(2)14-21-20-8-9-26-43(5)12-11-28(42(3,4)25(43)10-13-44(26,6)45(20,7)15-27(49)46(21)16-29(41)62-40(46)56)61-38-35(55)33(53)32(52)24(60-38)19-59-39-36(31(51)23(48)18-58-39)63-37-34(54)30(50)22(47)17-57-37/h8,21-39,47-55H,9-19H2,1-7H3/t21-,22+,23-,24+,25-,26+,27+,28-,29-,30-,31-,32+,33-,34+,35+,36+,37-,38-,39-,43-,44+,45+,46+/m0/s1",PVLIPPHITNPLBJ-XSLOFZTCSA-N,1,133.0500838,5.169483019
PMA_090115,897.4842269,1+,UNPD182224,C46H72O17,Positive,896.4769509,UNPD182224,CC1(C)CC2C3=CCC4C5(C)CCC(OC6OC(COC7OCC(O)C(O)C7OC8OCC(O)C(O)C8O)C(O)C(O)C6O)C(C)(C)C5CCC4(C)C3(C)CC(O)C29CC1OC9=O,"InChI=1/C46H72O17/c1-41(2)14-21-20-8-9-26-43(5)12-11-28(42(3,4)25(43)10-13-44(26,6)45(20,7)15-27(49)46(21)16-29(41)62-40(46)56)61-38-35(55)33(53)32(52)24(60-38)19-59-39-36(31(51)23(48)18-58-39)63-37-34(54)30(50)22(47)17-57-37/h8,21-39,47-55H,9-19H2,1-7H3/t21-,22+,23-,24+,25-,26+,27+,28-,29-,30-,31-,32+,33-,34+,35+,36+,37-,38-,39-,43-,44+,45+,46+/m0/s1",PVLIPPHITNPLBJ-XSLOFZTCSA-N,1,135.0657338,0.8145864274
PMA_090115,897.4842269,1+,UNPD182224,C46H72O17,Positive,896.4769509,UNPD182224,CC1(C)CC2C3=CCC4C5(C)CCC(OC6OC(COC7OCC(O)C(O)C7OC8OCC(O)C(O)C8O)C(O)C(O)C6O)C(C)(C)C5CCC4(C)C3(C)CC(O)C29CC1OC9=O,"InChI=1/C46H72O17/c1-41(2)14-21-20-8-9-26-43(5)12-11-28(42(3,4)25(43)10-13-44(26,6)45(20,7)15-27(49)46(21)16-29(41)62-40(46)56)61-38-35(55)33(53)32(52)24(60-38)19-59-39-36(31(51)23(48)18-58-39)63-37-34(54)30(50)22(47)17-57-37/h8,21-39,47-55H,9-19H2,1-7H3/t21-,22+,23-,24+,25-,26+,27+,28-,29-,30-,31-,32+,33-,34+,35+,36+,37-,38-,39-,43-,44+,45+,46+/m0/s1",PVLIPPHITNPLBJ-XSLOFZTCSA-N,1,149.0449984,0.7107003324
PMA_090115,897.4842269,1+,UNPD182224,C46H72O17,Positive,896.4769509,UNPD182224,CC1(C)CC2C3=CCC4C5(C)CCC(OC6OC(COC7OCC(O)C(O)C7OC8OCC(O)C(O)C8O)C(O)C(O)C6O)C(C)(C)C5CCC4(C)C3(C)CC(O)C29CC1OC9=O,"InChI=1/C46H72O17/c1-41(2)14-21-20-8-9-26-43(5)12-11-28(42(3,4)25(43)10-13-44(26,6)45(20,7)15-27(49)46(21)16-29(41)62-40(46)56)61-38-35(55)33(53)32(52)24(60-38)19-59-39-36(31(51)23(48)18-58-39)63-37-34(54)30(50)22(47)17-57-37/h8,21-39,47-55H,9-19H2,1-7H3/t21-,22+,23-,24+,25-,26+,27+,28-,29-,30-,31-,32+,33-,34+,35+,36+,37-,38-,39-,43-,44+,45+,46+/m0/s1",PVLIPPHITNPLBJ-XSLOFZTCSA-N,1,151.0606485,0.6979079826
PMA_090115,897.4842269,1+,UNPD182224,C46H72O17,Positive,896.4769509,UNPD182224,CC1(C)CC2C3=CCC4C5(C)CCC(OC6OC(COC7OCC(O)C(O)C7OC8OCC(O)C(O)C8O)C(O)C(O)C6O)C(C)(C)C5CCC4(C)C3(C)CC(O)C29CC1OC9=O,"InChI=1/C46H72O17/c1-41(2)14-21-20-8-9-26-43(5)12-11-28(42(3,4)25(43)10-13-44(26,6)45(20,7)15-27(49)46(21)16-29(41)62-40(46)56)61-38-35(55)33(53)32(52)24(60-38)19-59-39-36(31(51)23(48)18-58-39)63-37-34(54)30(50)22(47)17-57-37/h8,21-39,47-55H,9-19H2,1-7H3/t21-,22+,23-,24+,25-,26+,27+,28-,29-,30-,31-,32+,33-,34+,35+,36+,37-,38-,39-,43-,44+,45+,46+/m0/s1",PVLIPPHITNPLBJ-XSLOFZTCSA-N,1,163.0606485,0.7529030008
PMA_090115,897.4842269,1+,UNPD182224,C46H72O17,Positive,896.4769509,UNPD182224,CC1(C)CC2C3=CCC4C5(C)CCC(OC6OC(COC7OCC(O)C(O)C7OC8OCC(O)C(O)C8O)C(O)C(O)C6O)C(C)(C)C5CCC4(C)C3(C)CC(O)C29CC1OC9=O,"InChI=1/C46H72O17/c1-41(2)14-21-20-8-9-26-43(5)12-11-28(42(3,4)25(43)10-13-44(26,6)45(20,7)15-27(49)46(21)16-29(41)62-40(46)56)61-38-35(55)33(53)32(52)24(60-38)19-59-39-36(31(51)23(48)18-58-39)63-37-34(54)30(50)22(47)17-57-37/h8,21-39,47-55H,9-19H2,1-7H3/t21-,22+,23-,24+,25-,26+,27+,28-,29-,30-,31-,32+,33-,34+,35+,36+,37-,38-,39-,43-,44+,45+,46+/m0/s1",PVLIPPHITNPLBJ-XSLOFZTCSA-N,1,177.0762985,0.8757918889
PMA_090115,897.4842269,1+,UNPD182224,C46H72O17,Positive,896.4769509,UNPD182224,CC1(C)CC2C3=CCC4C5(C)CCC(OC6OC(COC7OCC(O)C(O)C7OC8OCC(O)C(O)C8O)C(O)C(O)C6O)C(C)(C)C5CCC4(C)C3(C)CC(O)C29CC1OC9=O,"InChI=1/C46H72O17/c1-41(2)14-21-20-8-9-26-43(5)12-11-28(42(3,4)25(43)10-13-44(26,6)45(20,7)15-27(49)46(21)16-29(41)62-40(46)56)61-38-35(55)33(53)32(52)24(60-38)19-59-39-36(31(51)23(48)18-58-39)63-37-34(54)30(50)22(47)17-57-37/h8,21-39,47-55H,9-19H2,1-7H3/t21-,22+,23-,24+,25-,26+,27+,28-,29-,30-,31-,32+,33-,34+,35+,36+,37-,38-,39-,43-,44+,45+,46+/m0/s1",PVLIPPHITNPLBJ-XSLOFZTCSA-N,1,265.0923425,0.578052214
PMA_090115,897.4842269,1+,UNPD182224,C46H72O17,Positive,896.4769509,UNPD182224,CC1(C)CC2C3=CCC4C5(C)CCC(OC6OC(COC7OCC(O)C(O)C7OC8OCC(O)C(O)C8O)C(O)C(O)C6O)C(C)(C)C5CCC4(C)C3(C)CC(O)C29CC1OC9=O,"InChI=1/C46H72O17/c1-41(2)14-21-20-8-9-26-43(5)12-11-28(42(3,4)25(43)10-13-44(26,6)45(20,7)15-27(49)46(21)16-29(41)62-40(46)56)61-38-35(55)33(53)32(52)24(60-38)19-59-39-36(31(51)23(48)18-58-39)63-37-34(54)30(50)22(47)17-57-37/h8,21-39,47-55H,9-19H2,1-7H3/t21-,22+,23-,24+,25-,26+,27+,28-,29-,30-,31-,32+,33-,34+,35+,36+,37-,38-,39-,43-,44+,45+,46+/m0/s1",PVLIPPHITNPLBJ-XSLOFZTCSA-N,1,295.1029072,1.821611246
PMA_090115,897.4842269,1+,UNPD182224,C46H72O17,Positive,896.4769509,UNPD182224,CC1(C)CC2C3=CCC4C5(C)CCC(OC6OC(COC7OCC(O)C(O)C7OC8OCC(O)C(O)C8O)C(O)C(O)C6O)C(C)(C)C5CCC4(C)C3(C)CC(O)C29CC1OC9=O,"InChI=1/C46H72O17/c1-41(2)14-21-20-8-9-26-43(5)12-11-28(42(3,4)25(43)10-13-44(26,6)45(20,7)15-27(49)46(21)16-29(41)62-40(46)56)61-38-35(55)33(53)32(52)24(60-38)19-59-39-36(31(51)23(48)18-58-39)63-37-34(54)30(50)22(47)17-57-37/h8,21-39,47-55H,9-19H2,1-7H3/t21-,22+,23-,24+,25-,26+,27+,28-,29-,30-,31-,32+,33-,34+,35+,36+,37-,38-,39-,43-,44+,45+,46+/m0/s1",PVLIPPHITNPLBJ-XSLOFZTCSA-N,1,297.1185573,0.8030155093
PMA_090115,897.4842269,1+,UNPD182224,C46H72O17,Positive,896.4769509,UNPD182224,CC1(C)CC2C3=CCC4C5(C)CCC(OC6OC(COC7OCC(O)C(O)C7OC8OCC(O)C(O)C8O)C(O)C(O)C6O)C(C)(C)C5CCC4(C)C3(C)CC(O)C29CC1OC9=O,"InChI=1/C46H72O17/c1-41(2)14-21-20-8-9-26-43(5)12-11-28(42(3,4)25(43)10-13-44(26,6)45(20,7)15-27(49)46(21)16-29(41)62-40(46)56)61-38-35(55)33(53)32(52)24(60-38)19-59-39-36(31(51)23(48)18-58-39)63-37-34(54)30(50)22(47)17-57-37/h8,21-39,47-55H,9-19H2,1-7H3/t21-,22+,23-,24+,25-,26+,27+,28-,29-,30-,31-,32+,33-,34+,35+,36+,37-,38-,39-,43-,44+,45+,46+/m0/s1",PVLIPPHITNPLBJ-XSLOFZTCSA-N,1,313.1134719,0.7321651902
PMA_090115,897.4842269,1+,UNPD182224,C46H72O17,Positive,896.4769509,UNPD182224,CC1(C)CC2C3=CCC4C5(C)CCC(OC6OC(COC7OCC(O)C(O)C7OC8OCC(O)C(O)C8O)C(O)C(O)C6O)C(C)(C)C5CCC4(C)C3(C)CC(O)C29CC1OC9=O,"InChI=1/C46H72O17/c1-41(2)14-21-20-8-9-26-43(5)12-11-28(42(3,4)25(43)10-13-44(26,6)45(20,7)15-27(49)46(21)16-29(41)62-40(46)56)61-38-35(55)33(53)32(52)24(60-38)19-59-39-36(31(51)23(48)18-58-39)63-37-34(54)30(50)22(47)17-57-37/h8,21-39,47-55H,9-19H2,1-7H3/t21-,22+,23-,24+,25-,26+,27+,28-,29-,30-,31-,32+,33-,34+,35+,36+,37-,38-,39-,43-,44+,45+,46+/m0/s1",PVLIPPHITNPLBJ-XSLOFZTCSA-N,1,371.25862,0.5469855449
PMA_090115,897.4842269,1+,UNPD182224,C46H72O17,Positive,896.4769509,UNPD182224,CC1(C)CC2C3=CCC4C5(C)CCC(OC6OC(COC7OCC(O)C(O)C7OC8OCC(O)C(O)C8O)C(O)C(O)C6O)C(C)(C)C5CCC4(C)C3(C)CC(O)C29CC1OC9=O,"InChI=1/C46H72O17/c1-41(2)14-21-20-8-9-26-43(5)12-11-28(42(3,4)25(43)10-13-44(26,6)45(20,7)15-27(49)46(21)16-29(41)62-40(46)56)61-38-35(55)33(53)32(52)24(60-38)19-59-39-36(31(51)23(48)18-58-39)63-37-34(54)30(50)22(47)17-57-37/h8,21-39,47-55H,9-19H2,1-7H3/t21-,22+,23-,24+,25-,26+,27+,28-,29-,30-,31-,32+,33-,34+,35+,36+,37-,38-,39-,43-,44+,45+,46+/m0/s1",PVLIPPHITNPLBJ-XSLOFZTCSA-N,1,397.27427,0.6884793085
PMA_090115,897.4842269,1+,UNPD182224,C46H72O17,Positive,896.4769509,UNPD182224,CC1(C)CC2C3=CCC4C5(C)CCC(OC6OC(COC7OCC(O)C(O)C7OC8OCC(O)C(O)C8O)C(O)C(O)C6O)C(C)(C)C5CCC4(C)C3(C)CC(O)C29CC1OC9=O,"InChI=1/C46H72O17/c1-41(2)14-21-20-8-9-26-43(5)12-11-28(42(3,4)25(43)10-13-44(26,6)45(20,7)15-27(49)46(21)16-29(41)62-40(46)56)61-38-35(55)33(53)32(52)24(60-38)19-59-39-36(31(51)23(48)18-58-39)63-37-34(54)30(50)22(47)17-57-37/h8,21-39,47-55H,9-19H2,1-7H3/t21-,22+,23-,24+,25-,26+,27+,28-,29-,30-,31-,32+,33-,34+,35+,36+,37-,38-,39-,43-,44+,45+,46+/m0/s1",PVLIPPHITNPLBJ-XSLOFZTCSA-N,1,423.3263056,0.6532412707
PMA_090115,897.4842269,1+,UNPD182224,C46H72O17,Positive,896.4769509,UNPD182224,CC1(C)CC2C3=CCC4C5(C)CCC(OC6OC(COC7OCC(O)C(O)C7OC8OCC(O)C(O)C8O)C(O)C(O)C6O)C(C)(C)C5CCC4(C)C3(C)CC(O)C29CC1OC9=O,"InChI=1/C46H72O17/c1-41(2)14-21-20-8-9-26-43(5)12-11-28(42(3,4)25(43)10-13-44(26,6)45(20,7)15-27(49)46(21)16-29(41)62-40(46)56)61-38-35(55)33(53)32(52)24(60-38)19-59-39-36(31(51)23(48)18-58-39)63-37-34(54)30(50)22(47)17-57-37/h8,21-39,47-55H,9-19H2,1-7H3/t21-,22+,23-,24+,25-,26+,27+,28-,29-,30-,31-,32+,33-,34+,35+,36+,37-,38-,39-,43-,44+,45+,46+/m0/s1",PVLIPPHITNPLBJ-XSLOFZTCSA-N,1,427.3576057,1.025474796
PMA_090115,897.4842269,1+,UNPD182224,C46H72O17,Positive,896.4769509,UNPD182224,CC1(C)CC2C3=CCC4C5(C)CCC(OC6OC(COC7OCC(O)C(O)C7OC8OCC(O)C(O)C8O)C(O)C(O)C6O)C(C)(C)C5CCC4(C)C3(C)CC(O)C29CC1OC9=O,"InChI=1/C46H72O17/c1-41(2)14-21-20-8-9-26-43(5)12-11-28(42(3,4)25(43)10-13-44(26,6)45(20,7)15-27(49)46(21)16-29(41)62-40(46)56)61-38-35(55)33(53)32(52)24(60-38)19-59-39-36(31(51)23(48)18-58-39)63-37-34(54)30(50)22(47)17-57-37/h8,21-39,47-55H,9-19H2,1-7H3/t21-,22+,23-,24+,25-,26+,27+,28-,29-,30-,31-,32+,33-,34+,35+,36+,37-,38-,39-,43-,44+,45+,46+/m0/s1",PVLIPPHITNPLBJ-XSLOFZTCSA-N,1,435.3263056,2.930025481
PMA_090115,897.4842269,1+,UNPD182224,C46H72O17,Positive,896.4769509,UNPD182224,CC1(C)CC2C3=CCC4C5(C)CCC(OC6OC(COC7OCC(O)C(O)C7OC8OCC(O)C(O)C8O)C(O)C(O)C6O)C(C)(C)C5CCC4(C)C3(C)CC(O)C29CC1OC9=O,"InChI=1/C46H72O17/c1-41(2)14-21-20-8-9-26-43(5)12-11-28(42(3,4)25(43)10-13-44(26,6)45(20,7)15-27(49)46(21)16-29(41)62-40(46)56)61-38-35(55)33(53)32(52)24(60-38)19-59-39-36(31(51)23(48)18-58-39)63-37-34(54)30(50)22(47)17-57-37/h8,21-39,47-55H,9-19H2,1-7H3/t21-,22+,23-,24+,25-,26+,27+,28-,29-,30-,31-,32+,33-,34+,35+,36+,37-,38-,39-,43-,44+,45+,46+/m0/s1",PVLIPPHITNPLBJ-XSLOFZTCSA-N,1,451.3212202,0.6776794028
PMA_090115,897.4842269,1+,UNPD182224,C46H72O17,Positive,896.4769509,UNPD182224,CC1(C)CC2C3=CCC4C5(C)CCC(OC6OC(COC7OCC(O)C(O)C7OC8OCC(O)C(O)C8O)C(O)C(O)C6O)C(C)(C)C5CCC4(C)C3(C)CC(O)C29CC1OC9=O,"InChI=1/C46H72O17/c1-41(2)14-21-20-8-9-26-43(5)12-11-28(42(3,4)25(43)10-13-44(26,6)45(20,7)15-27(49)46(21)16-29(41)62-40(46)56)61-38-35(55)33(53)32(52)24(60-38)19-59-39-36(31(51)23(48)18-58-39)63-37-34(54)30(50)22(47)17-57-37/h8,21-39,47-55H,9-19H2,1-7H3/t21-,22+,23-,24+,25-,26+,27+,28-,29-,30-,31-,32+,33-,34+,35+,36+,37-,38-,39-,43-,44+,45+,46+/m0/s1",PVLIPPHITNPLBJ-XSLOFZTCSA-N,1,453.3368703,20.77420987
PMA_090115,897.4842269,1+,UNPD182224,C46H72O17,Positive,896.4769509,UNPD182224,CC1(C)CC2C3=CCC4C5(C)CCC(OC6OC(COC7OCC(O)C(O)C7OC8OCC(O)C(O)C8O)C(O)C(O)C6O)C(C)(C)C5CCC4(C)C3(C)CC(O)C29CC1OC9=O,"InChI=1/C46H72O17/c1-41(2)14-21-20-8-9-26-43(5)12-11-28(42(3,4)25(43)10-13-44(26,6)45(20,7)15-27(49)46(21)16-29(41)62-40(46)56)61-38-35(55)33(53)32(52)24(60-38)19-59-39-36(31(51)23(48)18-58-39)63-37-34(54)30(50)22(47)17-57-37/h8,21-39,47-55H,9-19H2,1-7H3/t21-,22+,23-,24+,25-,26+,27+,28-,29-,30-,31-,32+,33-,34+,35+,36+,37-,38-,39-,43-,44+,45+,46+/m0/s1",PVLIPPHITNPLBJ-XSLOFZTCSA-N,1,469.3317849,0.5647197271
PMA_090115,897.4842269,1+,UNPD182224,C46H72O17,Positive,896.4769509,UNPD182224,CC1(C)CC2C3=CCC4C5(C)CCC(OC6OC(COC7OCC(O)C(O)C7OC8OCC(O)C(O)C8O)C(O)C(O)C6O)C(C)(C)C5CCC4(C)C3(C)CC(O)C29CC1OC9=O,"InChI=1/C46H72O17/c1-41(2)14-21-20-8-9-26-43(5)12-11-28(42(3,4)25(43)10-13-44(26,6)45(20,7)15-27(49)46(21)16-29(41)62-40(46)56)61-38-35(55)33(53)32(52)24(60-38)19-59-39-36(31(51)23(48)18-58-39)63-37-34(54)30(50)22(47)17-57-37/h8,21-39,47-55H,9-19H2,1-7H3/t21-,22+,23-,24+,25-,26+,27+,28-,29-,30-,31-,32+,33-,34+,35+,36+,37-,38-,39-,43-,44+,45+,46+/m0/s1",PVLIPPHITNPLBJ-XSLOFZTCSA-N,1,471.347435,23.91508239
PMA_090115,897.4842269,1+,UNPD182224,C46H72O17,Positive,896.4769509,UNPD182224,CC1(C)CC2C3=CCC4C5(C)CCC(OC6OC(COC7OCC(O)C(O)C7OC8OCC(O)C(O)C8O)C(O)C(O)C6O)C(C)(C)C5CCC4(C)C3(C)CC(O)C29CC1OC9=O,"InChI=1/C46H72O17/c1-41(2)14-21-20-8-9-26-43(5)12-11-28(42(3,4)25(43)10-13-44(26,6)45(20,7)15-27(49)46(21)16-29(41)62-40(46)56)61-38-35(55)33(53)32(52)24(60-38)19-59-39-36(31(51)23(48)18-58-39)63-37-34(54)30(50)22(47)17-57-37/h8,21-39,47-55H,9-19H2,1-7H3/t21-,22+,23-,24+,25-,26+,27+,28-,29-,30-,31-,32+,33-,34+,35+,36+,37-,38-,39-,43-,44+,45+,46+/m0/s1",PVLIPPHITNPLBJ-XSLOFZTCSA-N,1,615.3896937,5.423603645
PMA_090115,897.4842269,1+,UNPD182224,C46H72O17,Positive,896.4769509,UNPD182224,CC1(C)CC2C3=CCC4C5(C)CCC(OC6OC(COC7OCC(O)C(O)C7OC8OCC(O)C(O)C8O)C(O)C(O)C6O)C(C)(C)C5CCC4(C)C3(C)CC(O)C29CC1OC9=O,"InChI=1/C46H72O17/c1-41(2)14-21-20-8-9-26-43(5)12-11-28(42(3,4)25(43)10-13-44(26,6)45(20,7)15-27(49)46(21)16-29(41)62-40(46)56)61-38-35(55)33(53)32(52)24(60-38)19-59-39-36(31(51)23(48)18-58-39)63-37-34(54)30(50)22(47)17-57-37/h8,21-39,47-55H,9-19H2,1-7H3/t21-,22+,23-,24+,25-,26+,27+,28-,29-,30-,31-,32+,33-,34+,35+,36+,37-,38-,39-,43-,44+,45+,46+/m0/s1",PVLIPPHITNPLBJ-XSLOFZTCSA-N,1,633.4002584,5.159148793
PMA_090115,897.4842269,1+,UNPD182224,C46H72O17,Positive,896.4769509,UNPD182224,CC1(C)CC2C3=CCC4C5(C)CCC(OC6OC(COC7OCC(O)C(O)C7OC8OCC(O)C(O)C8O)C(O)C(O)C6O)C(C)(C)C5CCC4(C)C3(C)CC(O)C29CC1OC9=O,"InChI=1/C46H72O17/c1-41(2)14-21-20-8-9-26-43(5)12-11-28(42(3,4)25(43)10-13-44(26,6)45(20,7)15-27(49)46(21)16-29(41)62-40(46)56)61-38-35(55)33(53)32(52)24(60-38)19-59-39-36(31(51)23(48)18-58-39)63-37-34(54)30(50)22(47)17-57-37/h8,21-39,47-55H,9-19H2,1-7H3/t21-,22+,23-,24+,25-,26+,27+,28-,29-,30-,31-,32+,33-,34+,35+,36+,37-,38-,39-,43-,44+,45+,46+/m0/s1",PVLIPPHITNPLBJ-XSLOFZTCSA-N,1,721.4526879,0.588016042
PMA_090115,897.4842269,1+,UNPD182224,C46H72O17,Positive,896.4769509,UNPD182224,CC1(C)CC2C3=CCC4C5(C)CCC(OC6OC(COC7OCC(O)C(O)C7OC8OCC(O)C(O)C8O)C(O)C(O)C6O)C(C)(C)C5CCC4(C)C3(C)CC(O)C29CC1OC9=O,"InChI=1/C46H72O17/c1-41(2)14-21-20-8-9-26-43(5)12-11-28(42(3,4)25(43)10-13-44(26,6)45(20,7)15-27(49)46(21)16-29(41)62-40(46)56)61-38-35(55)33(53)32(52)24(60-38)19-59-39-36(31(51)23(48)18-58-39)63-37-34(54)30(50)22(47)17-57-37/h8,21-39,47-55H,9-19H2,1-7H3/t21-,22+,23-,24+,25-,26+,27+,28-,29-,30-,31-,32+,33-,34+,35+,36+,37-,38-,39-,43-,44+,45+,46+/m0/s1",PVLIPPHITNPLBJ-XSLOFZTCSA-N,1,729.4213878,0.7516967741
PMA_090115,897.4842269,1+,UNPD182224,C46H72O17,Positive,896.4769509,UNPD182224,CC1(C)CC2C3=CCC4C5(C)CCC(OC6OC(COC7OCC(O)C(O)C7OC8OCC(O)C(O)C8O)C(O)C(O)C6O)C(C)(C)C5CCC4(C)C3(C)CC(O)C29CC1OC9=O,"InChI=1/C46H72O17/c1-41(2)14-21-20-8-9-26-43(5)12-11-28(42(3,4)25(43)10-13-44(26,6)45(20,7)15-27(49)46(21)16-29(41)62-40(46)56)61-38-35(55)33(53)32(52)24(60-38)19-59-39-36(31(51)23(48)18-58-39)63-37-34(54)30(50)22(47)17-57-37/h8,21-39,47-55H,9-19H2,1-7H3/t21-,22+,23-,24+,25-,26+,27+,28-,29-,30-,31-,32+,33-,34+,35+,36+,37-,38-,39-,43-,44+,45+,46+/m0/s1",PVLIPPHITNPLBJ-XSLOFZTCSA-N,1,747.4319525,12.19495778
PMA_090115,897.4842269,1+,UNPD182224,C46H72O17,Positive,896.4769509,UNPD182224,CC1(C)CC2C3=CCC4C5(C)CCC(OC6OC(COC7OCC(O)C(O)C7OC8OCC(O)C(O)C8O)C(O)C(O)C6O)C(C)(C)C5CCC4(C)C3(C)CC(O)C29CC1OC9=O,"InChI=1/C46H72O17/c1-41(2)14-21-20-8-9-26-43(5)12-11-28(42(3,4)25(43)10-13-44(26,6)45(20,7)15-27(49)46(21)16-29(41)62-40(46)56)61-38-35(55)33(53)32(52)24(60-38)19-59-39-36(31(51)23(48)18-58-39)63-37-34(54)30(50)22(47)17-57-37/h8,21-39,47-55H,9-19H2,1-7H3/t21-,22+,23-,24+,25-,26+,27+,28-,29-,30-,31-,32+,33-,34+,35+,36+,37-,38-,39-,43-,44+,45+,46+/m0/s1",PVLIPPHITNPLBJ-XSLOFZTCSA-N,1,749.4476025,0.9576527529
PMA_090115,897.4842269,1+,UNPD182224,C46H72O17,Positive,896.4769509,UNPD182224,CC1(C)CC2C3=CCC4C5(C)CCC(OC6OC(COC7OCC(O)C(O)C7OC8OCC(O)C(O)C8O)C(O)C(O)C6O)C(C)(C)C5CCC4(C)C3(C)CC(O)C29CC1OC9=O,"InChI=1/C46H72O17/c1-41(2)14-21-20-8-9-26-43(5)12-11-28(42(3,4)25(43)10-13-44(26,6)45(20,7)15-27(49)46(21)16-29(41)62-40(46)56)61-38-35(55)33(53)32(52)24(60-38)19-59-39-36(31(51)23(48)18-58-39)63-37-34(54)30(50)22(47)17-57-37/h8,21-39,47-55H,9-19H2,1-7H3/t21-,22+,23-,24+,25-,26+,27+,28-,29-,30-,31-,32+,33-,34+,35+,36+,37-,38-,39-,43-,44+,45+,46+/m0/s1",PVLIPPHITNPLBJ-XSLOFZTCSA-N,1,765.4425171,4.357803704
PMA_090115,897.4842269,1+,UNPD182224,C46H72O17,Positive,896.4769509,UNPD182224,CC1(C)CC2C3=CCC4C5(C)CCC(OC6OC(COC7OCC(O)C(O)C7OC8OCC(O)C(O)C8O)C(O)C(O)C6O)C(C)(C)C5CCC4(C)C3(C)CC(O)C29CC1OC9=O,"InChI=1/C46H72O17/c1-41(2)14-21-20-8-9-26-43(5)12-11-28(42(3,4)25(43)10-13-44(26,6)45(20,7)15-27(49)46(21)16-29(41)62-40(46)56)61-38-35(55)33(53)32(52)24(60-38)19-59-39-36(31(51)23(48)18-58-39)63-37-34(54)30(50)22(47)17-57-37/h8,21-39,47-55H,9-19H2,1-7H3/t21-,22+,23-,24+,25-,26+,27+,28-,29-,30-,31-,32+,33-,34+,35+,36+,37-,38-,39-,43-,44+,45+,46+/m0/s1",PVLIPPHITNPLBJ-XSLOFZTCSA-N,1,861.4636465,0.9469666075
PMA_090115,897.4842269,1+,UNPD182224,C46H72O17,Positive,896.4769509,UNPD182224,CC1(C)CC2C3=CCC4C5(C)CCC(OC6OC(COC7OCC(O)C(O)C7OC8OCC(O)C(O)C8O)C(O)C(O)C6O)C(C)(C)C5CCC4(C)C3(C)CC(O)C29CC1OC9=O,"InChI=1/C46H72O17/c1-41(2)14-21-20-8-9-26-43(5)12-11-28(42(3,4)25(43)10-13-44(26,6)45(20,7)15-27(49)46(21)16-29(41)62-40(46)56)61-38-35(55)33(53)32(52)24(60-38)19-59-39-36(31(51)23(48)18-58-39)63-37-34(54)30(50)22(47)17-57-37/h8,21-39,47-55H,9-19H2,1-7H3/t21-,22+,23-,24+,25-,26+,27+,28-,29-,30-,31-,32+,33-,34+,35+,36+,37-,38-,39-,43-,44+,45+,46+/m0/s1",PVLIPPHITNPLBJ-XSLOFZTCSA-N,1,879.4742112,2.727434586
PMA_090115,897.4842269,1+,UNPD182224,C46H72O17,Positive,896.4769509,UNPD182224,CC1(C)CC2C3=CCC4C5(C)CCC(OC6OC(COC7OCC(O)C(O)C7OC8OCC(O)C(O)C8O)C(O)C(O)C6O)C(C)(C)C5CCC4(C)C3(C)CC(O)C29CC1OC9=O,"InChI=1/C46H72O17/c1-41(2)14-21-20-8-9-26-43(5)12-11-28(42(3,4)25(43)10-13-44(26,6)45(20,7)15-27(49)46(21)16-29(41)62-40(46)56)61-38-35(55)33(53)32(52)24(60-38)19-59-39-36(31(51)23(48)18-58-39)63-37-34(54)30(50)22(47)17-57-37/h8,21-39,47-55H,9-19H2,1-7H3/t21-,22+,23-,24+,25-,26+,27+,28-,29-,30-,31-,32+,33-,34+,35+,36+,37-,38-,39-,43-,44+,45+,46+/m0/s1",PVLIPPHITNPLBJ-XSLOFZTCSA-N,1,879.4742112,0.6090283732
PMA_090115,897.4842269,1+,UNPD182224,C46H72O17,Positive,896.4769509,UNPD182224,CC1(C)CC2C3=CCC4C5(C)CCC(OC6OC(COC7OCC(O)C(O)C7OC8OCC(O)C(O)C8O)C(O)C(O)C6O)C(C)(C)C5CCC4(C)C3(C)CC(O)C29CC1OC9=O,"InChI=1/C46H72O17/c1-41(2)14-21-20-8-9-26-43(5)12-11-28(42(3,4)25(43)10-13-44(26,6)45(20,7)15-27(49)46(21)16-29(41)62-40(46)56)61-38-35(55)33(53)32(52)24(60-38)19-59-39-36(31(51)23(48)18-58-39)63-37-34(54)30(50)22(47)17-57-37/h8,21-39,47-55H,9-19H2,1-7H3/t21-,22+,23-,24+,25-,26+,27+,28-,29-,30-,31-,32+,33-,34+,35+,36+,37-,38-,39-,43-,44+,45+,46+/m0/s1",PVLIPPHITNPLBJ-XSLOFZTCSA-N,1,57.07042529,3.36399893
PMA_090115,897.4842269,1+,UNPD182224,C46H72O17,Positive,896.4769509,UNPD182224,CC1(C)CC2C3=CCC4C5(C)CCC(OC6OC(COC7OCC(O)C(O)C7OC8OCC(O)C(O)C8O)C(O)C(O)C6O)C(C)(C)C5CCC4(C)C3(C)CC(O)C29CC1OC9=O,"InChI=1/C46H72O17/c1-41(2)14-21-20-8-9-26-43(5)12-11-28(42(3,4)25(43)10-13-44(26,6)45(20,7)15-27(49)46(21)16-29(41)62-40(46)56)61-38-35(55)33(53)32(52)24(60-38)19-59-39-36(31(51)23(48)18-58-39)63-37-34(54)30(50)22(47)17-57-37/h8,21-39,47-55H,9-19H2,1-7H3/t21-,22+,23-,24+,25-,26+,27+,28-,29-,30-,31-,32+,33-,34+,35+,36+,37-,38-,39-,43-,44+,45+,46+/m0/s1",PVLIPPHITNPLBJ-XSLOFZTCSA-N,1,73.0289544,2.826386036
PMA_090115,897.4842269,1+,UNPD182224,C46H72O17,Positive,896.4769509,UNPD182224,CC1(C)CC2C3=CCC4C5(C)CCC(OC6OC(COC7OCC(O)C(O)C7OC8OCC(O)C(O)C8O)C(O)C(O)C6O)C(C)(C)C5CCC4(C)C3(C)CC(O)C29CC1OC9=O,"InChI=1/C46H72O17/c1-41(2)14-21-20-8-9-26-43(5)12-11-28(42(3,4)25(43)10-13-44(26,6)45(20,7)15-27(49)46(21)16-29(41)62-40(46)56)61-38-35(55)33(53)32(52)24(60-38)19-59-39-36(31(51)23(48)18-58-39)63-37-34(54)30(50)22(47)17-57-37/h8,21-39,47-55H,9-19H2,1-7H3/t21-,22+,23-,24+,25-,26+,27+,28-,29-,30-,31-,32+,33-,34+,35+,36+,37-,38-,39-,43-,44+,45+,46+/m0/s1",PVLIPPHITNPLBJ-XSLOFZTCSA-N,1,117.0551691,1.234039181
PMA_090115,897.4842269,1+,UNPD182224,C46H72O17,Positive,896.4769509,UNPD182224,CC1(C)CC2C3=CCC4C5(C)CCC(OC6OC(COC7OCC(O)C(O)C7OC8OCC(O)C(O)C8O)C(O)C(O)C6O)C(C)(C)C5CCC4(C)C3(C)CC(O)C29CC1OC9=O,"InChI=1/C46H72O17/c1-41(2)14-21-20-8-9-26-43(5)12-11-28(42(3,4)25(43)10-13-44(26,6)45(20,7)15-27(49)46(21)16-29(41)62-40(46)56)61-38-35(55)33(53)32(52)24(60-38)19-59-39-36(31(51)23(48)18-58-39)63-37-34(54)30(50)22(47)17-57-37/h8,21-39,47-55H,9-19H2,1-7H3/t21-,22+,23-,24+,25-,26+,27+,28-,29-,30-,31-,32+,33-,34+,35+,36+,37-,38-,39-,43-,44+,45+,46+/m0/s1",PVLIPPHITNPLBJ-XSLOFZTCSA-N,1,131.0344337,1.310725325
PMA_090115,897.4842269,1+,UNPD182224,C46H72O17,Positive,896.4769509,UNPD182224,CC1(C)CC2C3=CCC4C5(C)CCC(OC6OC(COC7OCC(O)C(O)C7OC8OCC(O)C(O)C8O)C(O)C(O)C6O)C(C)(C)C5CCC4(C)C3(C)CC(O)C29CC1OC9=O,"InChI=1/C46H72O17/c1-41(2)14-21-20-8-9-26-43(5)12-11-28(42(3,4)25(43)10-13-44(26,6)45(20,7)15-27(49)46(21)16-29(41)62-40(46)56)61-38-35(55)33(53)32(52)24(60-38)19-59-39-36(31(51)23(48)18-58-39)63-37-34(54)30(50)22(47)17-57-37/h8,21-39,47-55H,9-19H2,1-7H3/t21-,22+,23-,24+,25-,26+,27+,28-,29-,30-,31-,32+,33-,34+,35+,36+,37-,38-,39-,43-,44+,45+,46+/m0/s1",PVLIPPHITNPLBJ-XSLOFZTCSA-N,1,133.0500838,6.872315423
PMA_090115,897.4842269,1+,UNPD182224,C46H72O17,Positive,896.4769509,UNPD182224,CC1(C)CC2C3=CCC4C5(C)CCC(OC6OC(COC7OCC(O)C(O)C7OC8OCC(O)C(O)C8O)C(O)C(O)C6O)C(C)(C)C5CCC4(C)C3(C)CC(O)C29CC1OC9=O,"InChI=1/C46H72O17/c1-41(2)14-21-20-8-9-26-43(5)12-11-28(42(3,4)25(43)10-13-44(26,6)45(20,7)15-27(49)46(21)16-29(41)62-40(46)56)61-38-35(55)33(53)32(52)24(60-38)19-59-39-36(31(51)23(48)18-58-39)63-37-34(54)30(50)22(47)17-57-37/h8,21-39,47-55H,9-19H2,1-7H3/t21-,22+,23-,24+,25-,26+,27+,28-,29-,30-,31-,32+,33-,34+,35+,36+,37-,38-,39-,43-,44+,45+,46+/m0/s1",PVLIPPHITNPLBJ-XSLOFZTCSA-N,1,149.0449984,2.31064346
PMA_090115,897.4842269,1+,UNPD182224,C46H72O17,Positive,896.4769509,UNPD182224,CC1(C)CC2C3=CCC4C5(C)CCC(OC6OC(COC7OCC(O)C(O)C7OC8OCC(O)C(O)C8O)C(O)C(O)C6O)C(C)(C)C5CCC4(C)C3(C)CC(O)C29CC1OC9=O,"InChI=1/C46H72O17/c1-41(2)14-21-20-8-9-26-43(5)12-11-28(42(3,4)25(43)10-13-44(26,6)45(20,7)15-27(49)46(21)16-29(41)62-40(46)56)61-38-35(55)33(53)32(52)24(60-38)19-59-39-36(31(51)23(48)18-58-39)63-37-34(54)30(50)22(47)17-57-37/h8,21-39,47-55H,9-19H2,1-7H3/t21-,22+,23-,24+,25-,26+,27+,28-,29-,30-,31-,32+,33-,34+,35+,36+,37-,38-,39-,43-,44+,45+,46+/m0/s1",PVLIPPHITNPLBJ-XSLOFZTCSA-N,1,163.0606485,3.989647518
PMA_090115,897.4842269,1+,UNPD182224,C46H72O17,Positive,896.4769509,UNPD182224,CC1(C)CC2C3=CCC4C5(C)CCC(OC6OC(COC7OCC(O)C(O)C7OC8OCC(O)C(O)C8O)C(O)C(O)C6O)C(C)(C)C5CCC4(C)C3(C)CC(O)C29CC1OC9=O,"InChI=1/C46H72O17/c1-41(2)14-21-20-8-9-26-43(5)12-11-28(42(3,4)25(43)10-13-44(26,6)45(20,7)15-27(49)46(21)16-29(41)62-40(46)56)61-38-35(55)33(53)32(52)24(60-38)19-59-39-36(31(51)23(48)18-58-39)63-37-34(54)30(50)22(47)17-57-37/h8,21-39,47-55H,9-19H2,1-7H3/t21-,22+,23-,24+,25-,26+,27+,28-,29-,30-,31-,32+,33-,34+,35+,36+,37-,38-,39-,43-,44+,45+,46+/m0/s1",PVLIPPHITNPLBJ-XSLOFZTCSA-N,1,177.0762985,2.06480189
PMA_090115,897.4842269,1+,UNPD182224,C46H72O17,Positive,896.4769509,UNPD182224,CC1(C)CC2C3=CCC4C5(C)CCC(OC6OC(COC7OCC(O)C(O)C7OC8OCC(O)C(O)C8O)C(O)C(O)C6O)C(C)(C)C5CCC4(C)C3(C)CC(O)C29CC1OC9=O,"InChI=1/C46H72O17/c1-41(2)14-21-20-8-9-26-43(5)12-11-28(42(3,4)25(43)10-13-44(26,6)45(20,7)15-27(49)46(21)16-29(41)62-40(46)56)61-38-35(55)33(53)32(52)24(60-38)19-59-39-36(31(51)23(48)18-58-39)63-37-34(54)30(50)22(47)17-57-37/h8,21-39,47-55H,9-19H2,1-7H3/t21-,22+,23-,24+,25-,26+,27+,28-,29-,30-,31-,32+,33-,34+,35+,36+,37-,38-,39-,43-,44+,45+,46+/m0/s1",PVLIPPHITNPLBJ-XSLOFZTCSA-N,1,293.0872571,1.703274062
PMA_090115,897.4842269,1+,UNPD182224,C46H72O17,Positive,896.4769509,UNPD182224,CC1(C)CC2C3=CCC4C5(C)CCC(OC6OC(COC7OCC(O)C(O)C7OC8OCC(O)C(O)C8O)C(O)C(O)C6O)C(C)(C)C5CCC4(C)C3(C)CC(O)C29CC1OC9=O,"InChI=1/C46H72O17/c1-41(2)14-21-20-8-9-26-43(5)12-11-28(42(3,4)25(43)10-13-44(26,6)45(20,7)15-27(49)46(21)16-29(41)62-40(46)56)61-38-35(55)33(53)32(52)24(60-38)19-59-39-36(31(51)23(48)18-58-39)63-37-34(54)30(50)22(47)17-57-37/h8,21-39,47-55H,9-19H2,1-7H3/t21-,22+,23-,24+,25-,26+,27+,28-,29-,30-,31-,32+,33-,34+,35+,36+,37-,38-,39-,43-,44+,45+,46+/m0/s1",PVLIPPHITNPLBJ-XSLOFZTCSA-N,1,295.1029072,6.983444267
PMA_090115,897.4842269,1+,UNPD182224,C46H72O17,Positive,896.4769509,UNPD182224,CC1(C)CC2C3=CCC4C5(C)CCC(OC6OC(COC7OCC(O)C(O)C7OC8OCC(O)C(O)C8O)C(O)C(O)C6O)C(C)(C)C5CCC4(C)C3(C)CC(O)C29CC1OC9=O,"InChI=1/C46H72O17/c1-41(2)14-21-20-8-9-26-43(5)12-11-28(42(3,4)25(43)10-13-44(26,6)45(20,7)15-27(49)46(21)16-29(41)62-40(46)56)61-38-35(55)33(53)32(52)24(60-38)19-59-39-36(31(51)23(48)18-58-39)63-37-34(54)30(50)22(47)17-57-37/h8,21-39,47-55H,9-19H2,1-7H3/t21-,22+,23-,24+,25-,26+,27+,28-,29-,30-,31-,32+,33-,34+,35+,36+,37-,38-,39-,43-,44+,45+,46+/m0/s1",PVLIPPHITNPLBJ-XSLOFZTCSA-N,1,369.2429699,1.219975915
PMA_090115,897.4842269,1+,UNPD182224,C46H72O17,Positive,896.4769509,UNPD182224,CC1(C)CC2C3=CCC4C5(C)CCC(OC6OC(COC7OCC(O)C(O)C7OC8OCC(O)C(O)C8O)C(O)C(O)C6O)C(C)(C)C5CCC4(C)C3(C)CC(O)C29CC1OC9=O,"InChI=1/C46H72O17/c1-41(2)14-21-20-8-9-26-43(5)12-11-28(42(3,4)25(43)10-13-44(26,6)45(20,7)15-27(49)46(21)16-29(41)62-40(46)56)61-38-35(55)33(53)32(52)24(60-38)19-59-39-36(31(51)23(48)18-58-39)63-37-34(54)30(50)22(47)17-57-37/h8,21-39,47-55H,9-19H2,1-7H3/t21-,22+,23-,24+,25-,26+,27+,28-,29-,30-,31-,32+,33-,34+,35+,36+,37-,38-,39-,43-,44+,45+,46+/m0/s1",PVLIPPHITNPLBJ-XSLOFZTCSA-N,1,397.27427,1.405470506
PMA_090115,897.4842269,1+,UNPD182224,C46H72O17,Positive,896.4769509,UNPD182224,CC1(C)CC2C3=CCC4C5(C)CCC(OC6OC(COC7OCC(O)C(O)C7OC8OCC(O)C(O)C8O)C(O)C(O)C6O)C(C)(C)C5CCC4(C)C3(C)CC(O)C29CC1OC9=O,"InChI=1/C46H72O17/c1-41(2)14-21-20-8-9-26-43(5)12-11-28(42(3,4)25(43)10-13-44(26,6)45(20,7)15-27(49)46(21)16-29(41)62-40(46)56)61-38-35(55)33(53)32(52)24(60-38)19-59-39-36(31(51)23(48)18-58-39)63-37-34(54)30(50)22(47)17-57-37/h8,21-39,47-55H,9-19H2,1-7H3/t21-,22+,23-,24+,25-,26+,27+,28-,29-,30-,31-,32+,33-,34+,35+,36+,37-,38-,39-,43-,44+,45+,46+/m0/s1",PVLIPPHITNPLBJ-XSLOFZTCSA-N,1,399.2899201,1.135354235
PMA_090115,897.4842269,1+,UNPD182224,C46H72O17,Positive,896.4769509,UNPD182224,CC1(C)CC2C3=CCC4C5(C)CCC(OC6OC(COC7OCC(O)C(O)C7OC8OCC(O)C(O)C8O)C(O)C(O)C6O)C(C)(C)C5CCC4(C)C3(C)CC(O)C29CC1OC9=O,"InChI=1/C46H72O17/c1-41(2)14-21-20-8-9-26-43(5)12-11-28(42(3,4)25(43)10-13-44(26,6)45(20,7)15-27(49)46(21)16-29(41)62-40(46)56)61-38-35(55)33(53)32(52)24(60-38)19-59-39-36(31(51)23(48)18-58-39)63-37-34(54)30(50)22(47)17-57-37/h8,21-39,47-55H,9-19H2,1-7H3/t21-,22+,23-,24+,25-,26+,27+,28-,29-,30-,31-,32+,33-,34+,35+,36+,37-,38-,39-,43-,44+,45+,46+/m0/s1",PVLIPPHITNPLBJ-XSLOFZTCSA-N,1,413.3055702,0.9863488831
PMA_090115,897.4842269,1+,UNPD182224,C46H72O17,Positive,896.4769509,UNPD182224,CC1(C)CC2C3=CCC4C5(C)CCC(OC6OC(COC7OCC(O)C(O)C7OC8OCC(O)C(O)C8O)C(O)C(O)C6O)C(C)(C)C5CCC4(C)C3(C)CC(O)C29CC1OC9=O,"InChI=1/C46H72O17/c1-41(2)14-21-20-8-9-26-43(5)12-11-28(42(3,4)25(43)10-13-44(26,6)45(20,7)15-27(49)46(21)16-29(41)62-40(46)56)61-38-35(55)33(53)32(52)24(60-38)19-59-39-36(31(51)23(48)18-58-39)63-37-34(54)30(50)22(47)17-57-37/h8,21-39,47-55H,9-19H2,1-7H3/t21-,22+,23-,24+,25-,26+,27+,28-,29-,30-,31-,32+,33-,34+,35+,36+,37-,38-,39-,43-,44+,45+,46+/m0/s1",PVLIPPHITNPLBJ-XSLOFZTCSA-N,1,421.3106556,2.101840756
PMA_090115,897.4842269,1+,UNPD182224,C46H72O17,Positive,896.4769509,UNPD182224,CC1(C)CC2C3=CCC4C5(C)CCC(OC6OC(COC7OCC(O)C(O)C7OC8OCC(O)C(O)C8O)C(O)C(O)C6O)C(C)(C)C5CCC4(C)C3(C)CC(O)C29CC1OC9=O,"InChI=1/C46H72O17/c1-41(2)14-21-20-8-9-26-43(5)12-11-28(42(3,4)25(43)10-13-44(26,6)45(20,7)15-27(49)46(21)16-29(41)62-40(46)56)61-38-35(55)33(53)32(52)24(60-38)19-59-39-36(31(51)23(48)18-58-39)63-37-34(54)30(50)22(47)17-57-37/h8,21-39,47-55H,9-19H2,1-7H3/t21-,22+,23-,24+,25-,26+,27+,28-,29-,30-,31-,32+,33-,34+,35+,36+,37-,38-,39-,43-,44+,45+,46+/m0/s1",PVLIPPHITNPLBJ-XSLOFZTCSA-N,1,423.3263056,3.198767931
PMA_090115,897.4842269,1+,UNPD182224,C46H72O17,Positive,896.4769509,UNPD182224,CC1(C)CC2C3=CCC4C5(C)CCC(OC6OC(COC7OCC(O)C(O)C7OC8OCC(O)C(O)C8O)C(O)C(O)C6O)C(C)(C)C5CCC4(C)C3(C)CC(O)C29CC1OC9=O,"InChI=1/C46H72O17/c1-41(2)14-21-20-8-9-26-43(5)12-11-28(42(3,4)25(43)10-13-44(26,6)45(20,7)15-27(49)46(21)16-29(41)62-40(46)56)61-38-35(55)33(53)32(52)24(60-38)19-59-39-36(31(51)23(48)18-58-39)63-37-34(54)30(50)22(47)17-57-37/h8,21-39,47-55H,9-19H2,1-7H3/t21-,22+,23-,24+,25-,26+,27+,28-,29-,30-,31-,32+,33-,34+,35+,36+,37-,38-,39-,43-,44+,45+,46+/m0/s1",PVLIPPHITNPLBJ-XSLOFZTCSA-N,1,425.3419557,1.060574629
PMA_090115,897.4842269,1+,UNPD182224,C46H72O17,Positive,896.4769509,UNPD182224,CC1(C)CC2C3=CCC4C5(C)CCC(OC6OC(COC7OCC(O)C(O)C7OC8OCC(O)C(O)C8O)C(O)C(O)C6O)C(C)(C)C5CCC4(C)C3(C)CC(O)C29CC1OC9=O,"InChI=1/C46H72O17/c1-41(2)14-21-20-8-9-26-43(5)12-11-28(42(3,4)25(43)10-13-44(26,6)45(20,7)15-27(49)46(21)16-29(41)62-40(46)56)61-38-35(55)33(53)32(52)24(60-38)19-59-39-36(31(51)23(48)18-58-39)63-37-34(54)30(50)22(47)17-57-37/h8,21-39,47-55H,9-19H2,1-7H3/t21-,22+,23-,24+,25-,26+,27+,28-,29-,30-,31-,32+,33-,34+,35+,36+,37-,38-,39-,43-,44+,45+,46+/m0/s1",PVLIPPHITNPLBJ-XSLOFZTCSA-N,1,427.3576057,2.027233154
PMA_090115,897.4842269,1+,UNPD182224,C46H72O17,Positive,896.4769509,UNPD182224,CC1(C)CC2C3=CCC4C5(C)CCC(OC6OC(COC7OCC(O)C(O)C7OC8OCC(O)C(O)C8O)C(O)C(O)C6O)C(C)(C)C5CCC4(C)C3(C)CC(O)C29CC1OC9=O,"InChI=1/C46H72O17/c1-41(2)14-21-20-8-9-26-43(5)12-11-28(42(3,4)25(43)10-13-44(26,6)45(20,7)15-27(49)46(21)16-29(41)62-40(46)56)61-38-35(55)33(53)32(52)24(60-38)19-59-39-36(31(51)23(48)18-58-39)63-37-34(54)30(50)22(47)17-57-37/h8,21-39,47-55H,9-19H2,1-7H3/t21-,22+,23-,24+,25-,26+,27+,28-,29-,30-,31-,32+,33-,34+,35+,36+,37-,38-,39-,43-,44+,45+,46+/m0/s1",PVLIPPHITNPLBJ-XSLOFZTCSA-N,1,435.3263056,1.103254836
PMA_090115,897.4842269,1+,UNPD182224,C46H72O17,Positive,896.4769509,UNPD182224,CC1(C)CC2C3=CCC4C5(C)CCC(OC6OC(COC7OCC(O)C(O)C7OC8OCC(O)C(O)C8O)C(O)C(O)C6O)C(C)(C)C5CCC4(C)C3(C)CC(O)C29CC1OC9=O,"InChI=1/C46H72O17/c1-41(2)14-21-20-8-9-26-43(5)12-11-28(42(3,4)25(43)10-13-44(26,6)45(20,7)15-27(49)46(21)16-29(41)62-40(46)56)61-38-35(55)33(53)32(52)24(60-38)19-59-39-36(31(51)23(48)18-58-39)63-37-34(54)30(50)22(47)17-57-37/h8,21-39,47-55H,9-19H2,1-7H3/t21-,22+,23-,24+,25-,26+,27+,28-,29-,30-,31-,32+,33-,34+,35+,36+,37-,38-,39-,43-,44+,45+,46+/m0/s1",PVLIPPHITNPLBJ-XSLOFZTCSA-N,1,439.3212202,2.656779589
PMA_090115,897.4842269,1+,UNPD182224,C46H72O17,Positive,896.4769509,UNPD182224,CC1(C)CC2C3=CCC4C5(C)CCC(OC6OC(COC7OCC(O)C(O)C7OC8OCC(O)C(O)C8O)C(O)C(O)C6O)C(C)(C)C5CCC4(C)C3(C)CC(O)C29CC1OC9=O,"InChI=1/C46H72O17/c1-41(2)14-21-20-8-9-26-43(5)12-11-28(42(3,4)25(43)10-13-44(26,6)45(20,7)15-27(49)46(21)16-29(41)62-40(46)56)61-38-35(55)33(53)32(52)24(60-38)19-59-39-36(31(51)23(48)18-58-39)63-37-34(54)30(50)22(47)17-57-37/h8,21-39,47-55H,9-19H2,1-7H3/t21-,22+,23-,24+,25-,26+,27+,28-,29-,30-,31-,32+,33-,34+,35+,36+,37-,38-,39-,43-,44+,45+,46+/m0/s1",PVLIPPHITNPLBJ-XSLOFZTCSA-N,1,441.3368703,2.743287786
PMA_090115,897.4842269,1+,UNPD182224,C46H72O17,Positive,896.4769509,UNPD182224,CC1(C)CC2C3=CCC4C5(C)CCC(OC6OC(COC7OCC(O)C(O)C7OC8OCC(O)C(O)C8O)C(O)C(O)C6O)C(C)(C)C5CCC4(C)C3(C)CC(O)C29CC1OC9=O,"InChI=1/C46H72O17/c1-41(2)14-21-20-8-9-26-43(5)12-11-28(42(3,4)25(43)10-13-44(26,6)45(20,7)15-27(49)46(21)16-29(41)62-40(46)56)61-38-35(55)33(53)32(52)24(60-38)19-59-39-36(31(51)23(48)18-58-39)63-37-34(54)30(50)22(47)17-57-37/h8,21-39,47-55H,9-19H2,1-7H3/t21-,22+,23-,24+,25-,26+,27+,28-,29-,30-,31-,32+,33-,34+,35+,36+,37-,38-,39-,43-,44+,45+,46+/m0/s1",PVLIPPHITNPLBJ-XSLOFZTCSA-N,1,451.3212202,2.027791737
PMA_090115,897.4842269,1+,UNPD182224,C46H72O17,Positive,896.4769509,UNPD182224,CC1(C)CC2C3=CCC4C5(C)CCC(OC6OC(COC7OCC(O)C(O)C7OC8OCC(O)C(O)C8O)C(O)C(O)C6O)C(C)(C)C5CCC4(C)C3(C)CC(O)C29CC1OC9=O,"InChI=1/C46H72O17/c1-41(2)14-21-20-8-9-26-43(5)12-11-28(42(3,4)25(43)10-13-44(26,6)45(20,7)15-27(49)46(21)16-29(41)62-40(46)56)61-38-35(55)33(53)32(52)24(60-38)19-59-39-36(31(51)23(48)18-58-39)63-37-34(54)30(50)22(47)17-57-37/h8,21-39,47-55H,9-19H2,1-7H3/t21-,22+,23-,24+,25-,26+,27+,28-,29-,30-,31-,32+,33-,34+,35+,36+,37-,38-,39-,43-,44+,45+,46+/m0/s1",PVLIPPHITNPLBJ-XSLOFZTCSA-N,1,453.3368703,8.108292832
PMA_090115,897.4842269,1+,UNPD182224,C46H72O17,Positive,896.4769509,UNPD182224,CC1(C)CC2C3=CCC4C5(C)CCC(OC6OC(COC7OCC(O)C(O)C7OC8OCC(O)C(O)C8O)C(O)C(O)C6O)C(C)(C)C5CCC4(C)C3(C)CC(O)C29CC1OC9=O,"InChI=1/C46H72O17/c1-41(2)14-21-20-8-9-26-43(5)12-11-28(42(3,4)25(43)10-13-44(26,6)45(20,7)15-27(49)46(21)16-29(41)62-40(46)56)61-38-35(55)33(53)32(52)24(60-38)19-59-39-36(31(51)23(48)18-58-39)63-37-34(54)30(50)22(47)17-57-37/h8,21-39,47-55H,9-19H2,1-7H3/t21-,22+,23-,24+,25-,26+,27+,28-,29-,30-,31-,32+,33-,34+,35+,36+,37-,38-,39-,43-,44+,45+,46+/m0/s1",PVLIPPHITNPLBJ-XSLOFZTCSA-N,1,469.3317849,0.9618953754
PMA_090115,897.4842269,1+,UNPD182224,C46H72O17,Positive,896.4769509,UNPD182224,CC1(C)CC2C3=CCC4C5(C)CCC(OC6OC(COC7OCC(O)C(O)C7OC8OCC(O)C(O)C8O)C(O)C(O)C6O)C(C)(C)C5CCC4(C)C3(C)CC(O)C29CC1OC9=O,"InChI=1/C46H72O17/c1-41(2)14-21-20-8-9-26-43(5)12-11-28(42(3,4)25(43)10-13-44(26,6)45(20,7)15-27(49)46(21)16-29(41)62-40(46)56)61-38-35(55)33(53)32(52)24(60-38)19-59-39-36(31(51)23(48)18-58-39)63-37-34(54)30(50)22(47)17-57-37/h8,21-39,47-55H,9-19H2,1-7H3/t21-,22+,23-,24+,25-,26+,27+,28-,29-,30-,31-,32+,33-,34+,35+,36+,37-,38-,39-,43-,44+,45+,46+/m0/s1",PVLIPPHITNPLBJ-XSLOFZTCSA-N,1,471.347435,20.49777997
PMA_090115,897.4842269,1+,UNPD182224,C46H72O17,Positive,896.4769509,UNPD182224,CC1(C)CC2C3=CCC4C5(C)CCC(OC6OC(COC7OCC(O)C(O)C7OC8OCC(O)C(O)C8O)C(O)C(O)C6O)C(C)(C)C5CCC4(C)C3(C)CC(O)C29CC1OC9=O,"InChI=1/C46H72O17/c1-41(2)14-21-20-8-9-26-43(5)12-11-28(42(3,4)25(43)10-13-44(26,6)45(20,7)15-27(49)46(21)16-29(41)62-40(46)56)61-38-35(55)33(53)32(52)24(60-38)19-59-39-36(31(51)23(48)18-58-39)63-37-34(54)30(50)22(47)17-57-37/h8,21-39,47-55H,9-19H2,1-7H3/t21-,22+,23-,24+,25-,26+,27+,28-,29-,30-,31-,32+,33-,34+,35+,36+,37-,38-,39-,43-,44+,45+,46+/m0/s1",PVLIPPHITNPLBJ-XSLOFZTCSA-N,1,615.3896937,2.320410174
PMA_090115,897.4842269,1+,UNPD182224,C46H72O17,Positive,896.4769509,UNPD182224,CC1(C)CC2C3=CCC4C5(C)CCC(OC6OC(COC7OCC(O)C(O)C7OC8OCC(O)C(O)C8O)C(O)C(O)C6O)C(C)(C)C5CCC4(C)C3(C)CC(O)C29CC1OC9=O,"InChI=1/C46H72O17/c1-41(2)14-21-20-8-9-26-43(5)12-11-28(42(3,4)25(43)10-13-44(26,6)45(20,7)15-27(49)46(21)16-29(41)62-40(46)56)61-38-35(55)33(53)32(52)24(60-38)19-59-39-36(31(51)23(48)18-58-39)63-37-34(54)30(50)22(47)17-57-37/h8,21-39,47-55H,9-19H2,1-7H3/t21-,22+,23-,24+,25-,26+,27+,28-,29-,30-,31-,32+,33-,34+,35+,36+,37-,38-,39-,43-,44+,45+,46+/m0/s1",PVLIPPHITNPLBJ-XSLOFZTCSA-N,1,721.4526879,1.625282147
PMA_090115,897.4842269,1+,UNPD182224,C46H72O17,Positive,896.4769509,UNPD182224,CC1(C)CC2C3=CCC4C5(C)CCC(OC6OC(COC7OCC(O)C(O)C7OC8OCC(O)C(O)C8O)C(O)C(O)C6O)C(C)(C)C5CCC4(C)C3(C)CC(O)C29CC1OC9=O,"InChI=1/C46H72O17/c1-41(2)14-21-20-8-9-26-43(5)12-11-28(42(3,4)25(43)10-13-44(26,6)45(20,7)15-27(49)46(21)16-29(41)62-40(46)56)61-38-35(55)33(53)32(52)24(60-38)19-59-39-36(31(51)23(48)18-58-39)63-37-34(54)30(50)22(47)17-57-37/h8,21-39,47-55H,9-19H2,1-7H3/t21-,22+,23-,24+,25-,26+,27+,28-,29-,30-,31-,32+,33-,34+,35+,36+,37-,38-,39-,43-,44+,45+,46+/m0/s1",PVLIPPHITNPLBJ-XSLOFZTCSA-N,1,747.4319525,6.257807226
PMA_090115,897.4842269,1+,UNPD182224,C46H72O17,Positive,896.4769509,UNPD182224,CC1(C)CC2C3=CCC4C5(C)CCC(OC6OC(COC7OCC(O)C(O)C7OC8OCC(O)C(O)C8O)C(O)C(O)C6O)C(C)(C)C5CCC4(C)C3(C)CC(O)C29CC1OC9=O,"InChI=1/C46H72O17/c1-41(2)14-21-20-8-9-26-43(5)12-11-28(42(3,4)25(43)10-13-44(26,6)45(20,7)15-27(49)46(21)16-29(41)62-40(46)56)61-38-35(55)33(53)32(52)24(60-38)19-59-39-36(31(51)23(48)18-58-39)63-37-34(54)30(50)22(47)17-57-37/h8,21-39,47-55H,9-19H2,1-7H3/t21-,22+,23-,24+,25-,26+,27+,28-,29-,30-,31-,32+,33-,34+,35+,36+,37-,38-,39-,43-,44+,45+,46+/m0/s1",PVLIPPHITNPLBJ-XSLOFZTCSA-N,1,835.4479964,1.489248796
PMA_090115,897.4842269,1+,UNPD182224,C46H72O17,Positive,896.4769509,UNPD182224,CC1(C)CC2C3=CCC4C5(C)CCC(OC6OC(COC7OCC(O)C(O)C7OC8OCC(O)C(O)C8O)C(O)C(O)C6O)C(C)(C)C5CCC4(C)C3(C)CC(O)C29CC1OC9=O,"InChI=1/C46H72O17/c1-41(2)14-21-20-8-9-26-43(5)12-11-28(42(3,4)25(43)10-13-44(26,6)45(20,7)15-27(49)46(21)16-29(41)62-40(46)56)61-38-35(55)33(53)32(52)24(60-38)19-59-39-36(31(51)23(48)18-58-39)63-37-34(54)30(50)22(47)17-57-37/h8,21-39,47-55H,9-19H2,1-7H3/t21-,22+,23-,24+,25-,26+,27+,28-,29-,30-,31-,32+,33-,34+,35+,36+,37-,38-,39-,43-,44+,45+,46+/m0/s1",PVLIPPHITNPLBJ-XSLOFZTCSA-N,1,879.4742112,1.929961961
PMA_090115,897.4842269,1+,UNPD182224,C46H72O17,Positive,896.4769509,UNPD182224,CC1(C)CC2C3=CCC4C5(C)CCC(OC6OC(COC7OCC(O)C(O)C7OC8OCC(O)C(O)C8O)C(O)C(O)C6O)C(C)(C)C5CCC4(C)C3(C)CC(O)C29CC1OC9=O,"InChI=1/C46H72O17/c1-41(2)14-21-20-8-9-26-43(5)12-11-28(42(3,4)25(43)10-13-44(26,6)45(20,7)15-27(49)46(21)16-29(41)62-40(46)56)61-38-35(55)33(53)32(52)24(60-38)19-59-39-36(31(51)23(48)18-58-39)63-37-34(54)30(50)22(47)17-57-37/h8,21-39,47-55H,9-19H2,1-7H3/t21-,22+,23-,24+,25-,26+,27+,28-,29-,30-,31-,32+,33-,34+,35+,36+,37-,38-,39-,43-,44+,45+,46+/m0/s1",PVLIPPHITNPLBJ-XSLOFZTCSA-N,1,879.4742112,2.483365468
PMA_000001,331.1903853,1+,UNPD1,C20H26O4,Positive,330.1831093,UNPD1,CC(C)C1CC(=O)C(=CCC=C(C)/CC(=O)CC2=CC1OC2=O)C,"InChI=1/C20H26O4/c1-12(2)17-11-18(22)14(4)7-5-6-13(3)8-16(21)9-15-10-19(17)24-20(15)23/h6-7,10,12,17,19H,5,8-9,11H2,1-4H3/b13-6-,14-7+/t17-,19-/m1/s1",XYKVOCNWMFQQKL-NZBROFJPSA-N,1,57.07042529,0.7697591662
PMA_000001,331.1903853,1+,UNPD1,C20H26O4,Positive,330.1831093,UNPD1,CC(C)C1CC(=O)C(=CCC=C(C)/CC(=O)CC2=CC1OC2=O)C,"InChI=1/C20H26O4/c1-12(2)17-11-18(22)14(4)7-5-6-13(3)8-16(21)9-15-10-19(17)24-20(15)23/h6-7,10,12,17,19H,5,8-9,11H2,1-4H3/b13-6-,14-7+/t17-,19-/m1/s1",XYKVOCNWMFQQKL-NZBROFJPSA-N,1,71.08607535,1.507457981
PMA_000001,331.1903853,1+,UNPD1,C20H26O4,Positive,330.1831093,UNPD1,CC(C)C1CC(=O)C(=CCC=C(C)/CC(=O)CC2=CC1OC2=O)C,"InChI=1/C20H26O4/c1-12(2)17-11-18(22)14(4)7-5-6-13(3)8-16(21)9-15-10-19(17)24-20(15)23/h6-7,10,12,17,19H,5,8-9,11H2,1-4H3/b13-6-,14-7+/t17-,19-/m1/s1",XYKVOCNWMFQQKL-NZBROFJPSA-N,1,97.06533991,0.4893302623
PMA_000001,331.1903853,1+,UNPD1,C20H26O4,Positive,330.1831093,UNPD1,CC(C)C1CC(=O)C(=CCC=C(C)/CC(=O)CC2=CC1OC2=O)C,"InChI=1/C20H26O4/c1-12(2)17-11-18(22)14(4)7-5-6-13(3)8-16(21)9-15-10-19(17)24-20(15)23/h6-7,10,12,17,19H,5,8-9,11H2,1-4H3/b13-6-,14-7+/t17-,19-/m1/s1",XYKVOCNWMFQQKL-NZBROFJPSA-N,1,99.08098997,0.4737337839
PMA_000001,331.1903853,1+,UNPD1,C20H26O4,Positive,330.1831093,UNPD1,CC(C)C1CC(=O)C(=CCC=C(C)/CC(=O)CC2=CC1OC2=O)C,"InChI=1/C20H26O4/c1-12(2)17-11-18(22)14(4)7-5-6-13(3)8-16(21)9-15-10-19(17)24-20(15)23/h6-7,10,12,17,19H,5,8-9,11H2,1-4H3/b13-6-,14-7+/t17-,19-/m1/s1",XYKVOCNWMFQQKL-NZBROFJPSA-N,1,137.09664,0.498920401
PMA_000001,331.1903853,1+,UNPD1,C20H26O4,Positive,330.1831093,UNPD1,CC(C)C1CC(=O)C(=CCC=C(C)/CC(=O)CC2=CC1OC2=O)C,"InChI=1/C20H26O4/c1-12(2)17-11-18(22)14(4)7-5-6-13(3)8-16(21)9-15-10-19(17)24-20(15)23/h6-7,10,12,17,19H,5,8-9,11H2,1-4H3/b13-6-,14-7+/t17-,19-/m1/s1",XYKVOCNWMFQQKL-NZBROFJPSA-N,1,165.0915547,0.4243093978
PMA_000001,331.1903853,1+,UNPD1,C20H26O4,Positive,330.1831093,UNPD1,CC(C)C1CC(=O)C(=CCC=C(C)/CC(=O)CC2=CC1OC2=O)C,"InChI=1/C20H26O4/c1-12(2)17-11-18(22)14(4)7-5-6-13(3)8-16(21)9-15-10-19(17)24-20(15)23/h6-7,10,12,17,19H,5,8-9,11H2,1-4H3/b13-6-,14-7+/t17-,19-/m1/s1",XYKVOCNWMFQQKL-NZBROFJPSA-N,1,167.1072047,0.4260253418
PMA_000001,331.1903853,1+,UNPD1,C20H26O4,Positive,330.1831093,UNPD1,CC(C)C1CC(=O)C(=CCC=C(C)/CC(=O)CC2=CC1OC2=O)C,"InChI=1/C20H26O4/c1-12(2)17-11-18(22)14(4)7-5-6-13(3)8-16(21)9-15-10-19(17)24-20(15)23/h6-7,10,12,17,19H,5,8-9,11H2,1-4H3/b13-6-,14-7+/t17-,19-/m1/s1",XYKVOCNWMFQQKL-NZBROFJPSA-N,1,193.0864693,0.5527841513
PMA_000001,331.1903853,1+,UNPD1,C20H26O4,Positive,330.1831093,UNPD1,CC(C)C1CC(=O)C(=CCC=C(C)/CC(=O)CC2=CC1OC2=O)C,"InChI=1/C20H26O4/c1-12(2)17-11-18(22)14(4)7-5-6-13(3)8-16(21)9-15-10-19(17)24-20(15)23/h6-7,10,12,17,19H,5,8-9,11H2,1-4H3/b13-6-,14-7+/t17-,19-/m1/s1",XYKVOCNWMFQQKL-NZBROFJPSA-N,1,195.1021193,0.6521082609
PMA_000001,331.1903853,1+,UNPD1,C20H26O4,Positive,330.1831093,UNPD1,CC(C)C1CC(=O)C(=CCC=C(C)/CC(=O)CC2=CC1OC2=O)C,"InChI=1/C20H26O4/c1-12(2)17-11-18(22)14(4)7-5-6-13(3)8-16(21)9-15-10-19(17)24-20(15)23/h6-7,10,12,17,19H,5,8-9,11H2,1-4H3/b13-6-,14-7+/t17-,19-/m1/s1",XYKVOCNWMFQQKL-NZBROFJPSA-N,1,233.1177694,0.5520851484
PMA_000001,331.1903853,1+,UNPD1,C20H26O4,Positive,330.1831093,UNPD1,CC(C)C1CC(=O)C(=CCC=C(C)/CC(=O)CC2=CC1OC2=O)C,"InChI=1/C20H26O4/c1-12(2)17-11-18(22)14(4)7-5-6-13(3)8-16(21)9-15-10-19(17)24-20(15)23/h6-7,10,12,17,19H,5,8-9,11H2,1-4H3/b13-6-,14-7+/t17-,19-/m1/s1",XYKVOCNWMFQQKL-NZBROFJPSA-N,1,267.1748904,0.5503066369
PMA_000001,331.1903853,1+,UNPD1,C20H26O4,Positive,330.1831093,UNPD1,CC(C)C1CC(=O)C(=CCC=C(C)/CC(=O)CC2=CC1OC2=O)C,"InChI=1/C20H26O4/c1-12(2)17-11-18(22)14(4)7-5-6-13(3)8-16(21)9-15-10-19(17)24-20(15)23/h6-7,10,12,17,19H,5,8-9,11H2,1-4H3/b13-6-,14-7+/t17-,19-/m1/s1",XYKVOCNWMFQQKL-NZBROFJPSA-N,1,271.1334195,0.7515298337
PMA_000001,331.1903853,1+,UNPD1,C20H26O4,Positive,330.1831093,UNPD1,CC(C)C1CC(=O)C(=CCC=C(C)/CC(=O)CC2=CC1OC2=O)C,"InChI=1/C20H26O4/c1-12(2)17-11-18(22)14(4)7-5-6-13(3)8-16(21)9-15-10-19(17)24-20(15)23/h6-7,10,12,17,19H,5,8-9,11H2,1-4H3/b13-6-,14-7+/t17-,19-/m1/s1",XYKVOCNWMFQQKL-NZBROFJPSA-N,1,273.1490695,0.8859210191
PMA_000001,331.1903853,1+,UNPD1,C20H26O4,Positive,330.1831093,UNPD1,CC(C)C1CC(=O)C(=CCC=C(C)/CC(=O)CC2=CC1OC2=O)C,"InChI=1/C20H26O4/c1-12(2)17-11-18(22)14(4)7-5-6-13(3)8-16(21)9-15-10-19(17)24-20(15)23/h6-7,10,12,17,19H,5,8-9,11H2,1-4H3/b13-6-,14-7+/t17-,19-/m1/s1",XYKVOCNWMFQQKL-NZBROFJPSA-N,1,275.1647196,0.368658864
PMA_000001,331.1903853,1+,UNPD1,C20H26O4,Positive,330.1831093,UNPD1,CC(C)C1CC(=O)C(=CCC=C(C)/CC(=O)CC2=CC1OC2=O)C,"InChI=1/C20H26O4/c1-12(2)17-11-18(22)14(4)7-5-6-13(3)8-16(21)9-15-10-19(17)24-20(15)23/h6-7,10,12,17,19H,5,8-9,11H2,1-4H3/b13-6-,14-7+/t17-,19-/m1/s1",XYKVOCNWMFQQKL-NZBROFJPSA-N,1,277.1803697,0.631714296
PMA_000001,331.1903853,1+,UNPD1,C20H26O4,Positive,330.1831093,UNPD1,CC(C)C1CC(=O)C(=CCC=C(C)/CC(=O)CC2=CC1OC2=O)C,"InChI=1/C20H26O4/c1-12(2)17-11-18(22)14(4)7-5-6-13(3)8-16(21)9-15-10-19(17)24-20(15)23/h6-7,10,12,17,19H,5,8-9,11H2,1-4H3/b13-6-,14-7+/t17-,19-/m1/s1",XYKVOCNWMFQQKL-NZBROFJPSA-N,1,283.169805,1.241384302
PMA_000001,331.1903853,1+,UNPD1,C20H26O4,Positive,330.1831093,UNPD1,CC(C)C1CC(=O)C(=CCC=C(C)/CC(=O)CC2=CC1OC2=O)C,"InChI=1/C20H26O4/c1-12(2)17-11-18(22)14(4)7-5-6-13(3)8-16(21)9-15-10-19(17)24-20(15)23/h6-7,10,12,17,19H,5,8-9,11H2,1-4H3/b13-6-,14-7+/t17-,19-/m1/s1",XYKVOCNWMFQQKL-NZBROFJPSA-N,1,285.1490695,0.7646416249
PMA_000001,331.1903853,1+,UNPD1,C20H26O4,Positive,330.1831093,UNPD1,CC(C)C1CC(=O)C(=CCC=C(C)/CC(=O)CC2=CC1OC2=O)C,"InChI=1/C20H26O4/c1-12(2)17-11-18(22)14(4)7-5-6-13(3)8-16(21)9-15-10-19(17)24-20(15)23/h6-7,10,12,17,19H,5,8-9,11H2,1-4H3/b13-6-,14-7+/t17-,19-/m1/s1",XYKVOCNWMFQQKL-NZBROFJPSA-N,1,285.185455,2.4104591
PMA_000001,331.1903853,1+,UNPD1,C20H26O4,Positive,330.1831093,UNPD1,CC(C)C1CC(=O)C(=CCC=C(C)/CC(=O)CC2=CC1OC2=O)C,"InChI=1/C20H26O4/c1-12(2)17-11-18(22)14(4)7-5-6-13(3)8-16(21)9-15-10-19(17)24-20(15)23/h6-7,10,12,17,19H,5,8-9,11H2,1-4H3/b13-6-,14-7+/t17-,19-/m1/s1",XYKVOCNWMFQQKL-NZBROFJPSA-N,1,287.1283341,1.499983234
PMA_000001,331.1903853,1+,UNPD1,C20H26O4,Positive,330.1831093,UNPD1,CC(C)C1CC(=O)C(=CCC=C(C)/CC(=O)CC2=CC1OC2=O)C,"InChI=1/C20H26O4/c1-12(2)17-11-18(22)14(4)7-5-6-13(3)8-16(21)9-15-10-19(17)24-20(15)23/h6-7,10,12,17,19H,5,8-9,11H2,1-4H3/b13-6-,14-7+/t17-,19-/m1/s1",XYKVOCNWMFQQKL-NZBROFJPSA-N,1,287.1647196,2.239482688
PMA_000001,331.1903853,1+,UNPD1,C20H26O4,Positive,330.1831093,UNPD1,CC(C)C1CC(=O)C(=CCC=C(C)/CC(=O)CC2=CC1OC2=O)C,"InChI=1/C20H26O4/c1-12(2)17-11-18(22)14(4)7-5-6-13(3)8-16(21)9-15-10-19(17)24-20(15)23/h6-7,10,12,17,19H,5,8-9,11H2,1-4H3/b13-6-,14-7+/t17-,19-/m1/s1",XYKVOCNWMFQQKL-NZBROFJPSA-N,1,287.2011051,3.098122645
PMA_000001,331.1903853,1+,UNPD1,C20H26O4,Positive,330.1831093,UNPD1,CC(C)C1CC(=O)C(=CCC=C(C)/CC(=O)CC2=CC1OC2=O)C,"InChI=1/C20H26O4/c1-12(2)17-11-18(22)14(4)7-5-6-13(3)8-16(21)9-15-10-19(17)24-20(15)23/h6-7,10,12,17,19H,5,8-9,11H2,1-4H3/b13-6-,14-7+/t17-,19-/m1/s1",XYKVOCNWMFQQKL-NZBROFJPSA-N,1,289.1439842,4.264300644
PMA_000001,331.1903853,1+,UNPD1,C20H26O4,Positive,330.1831093,UNPD1,CC(C)C1CC(=O)C(=CCC=C(C)/CC(=O)CC2=CC1OC2=O)C,"InChI=1/C20H26O4/c1-12(2)17-11-18(22)14(4)7-5-6-13(3)8-16(21)9-15-10-19(17)24-20(15)23/h6-7,10,12,17,19H,5,8-9,11H2,1-4H3/b13-6-,14-7+/t17-,19-/m1/s1",XYKVOCNWMFQQKL-NZBROFJPSA-N,1,289.1803697,2.001430381
PMA_000001,331.1903853,1+,UNPD1,C20H26O4,Positive,330.1831093,UNPD1,CC(C)C1CC(=O)C(=CCC=C(C)/CC(=O)CC2=CC1OC2=O)C,"InChI=1/C20H26O4/c1-12(2)17-11-18(22)14(4)7-5-6-13(3)8-16(21)9-15-10-19(17)24-20(15)23/h6-7,10,12,17,19H,5,8-9,11H2,1-4H3/b13-6-,14-7+/t17-,19-/m1/s1",XYKVOCNWMFQQKL-NZBROFJPSA-N,1,295.169805,1.905252268
PMA_000001,331.1903853,1+,UNPD1,C20H26O4,Positive,330.1831093,UNPD1,CC(C)C1CC(=O)C(=CCC=C(C)/CC(=O)CC2=CC1OC2=O)C,"InChI=1/C20H26O4/c1-12(2)17-11-18(22)14(4)7-5-6-13(3)8-16(21)9-15-10-19(17)24-20(15)23/h6-7,10,12,17,19H,5,8-9,11H2,1-4H3/b13-6-,14-7+/t17-,19-/m1/s1",XYKVOCNWMFQQKL-NZBROFJPSA-N,1,299.1647196,0.4935704566
PMA_000001,331.1903853,1+,UNPD1,C20H26O4,Positive,330.1831093,UNPD1,CC(C)C1CC(=O)C(=CCC=C(C)/CC(=O)CC2=CC1OC2=O)C,"InChI=1/C20H26O4/c1-12(2)17-11-18(22)14(4)7-5-6-13(3)8-16(21)9-15-10-19(17)24-20(15)23/h6-7,10,12,17,19H,5,8-9,11H2,1-4H3/b13-6-,14-7+/t17-,19-/m1/s1",XYKVOCNWMFQQKL-NZBROFJPSA-N,1,301.1803697,1.098897455
PMA_000001,331.1903853,1+,UNPD1,C20H26O4,Positive,330.1831093,UNPD1,CC(C)C1CC(=O)C(=CCC=C(C)/CC(=O)CC2=CC1OC2=O)C,"InChI=1/C20H26O4/c1-12(2)17-11-18(22)14(4)7-5-6-13(3)8-16(21)9-15-10-19(17)24-20(15)23/h6-7,10,12,17,19H,5,8-9,11H2,1-4H3/b13-6-,14-7+/t17-,19-/m1/s1",XYKVOCNWMFQQKL-NZBROFJPSA-N,1,305.1752843,0.6626042664
PMA_000001,331.1903853,1+,UNPD1,C20H26O4,Positive,330.1831093,UNPD1,CC(C)C1CC(=O)C(=CCC=C(C)/CC(=O)CC2=CC1OC2=O)C,"InChI=1/C20H26O4/c1-12(2)17-11-18(22)14(4)7-5-6-13(3)8-16(21)9-15-10-19(17)24-20(15)23/h6-7,10,12,17,19H,5,8-9,11H2,1-4H3/b13-6-,14-7+/t17-,19-/m1/s1",XYKVOCNWMFQQKL-NZBROFJPSA-N,1,313.1803697,2.476646124
PMA_000001,331.1903853,1+,UNPD1,C20H26O4,Positive,330.1831093,UNPD1,CC(C)C1CC(=O)C(=CCC=C(C)/CC(=O)CC2=CC1OC2=O)C,"InChI=1/C20H26O4/c1-12(2)17-11-18(22)14(4)7-5-6-13(3)8-16(21)9-15-10-19(17)24-20(15)23/h6-7,10,12,17,19H,5,8-9,11H2,1-4H3/b13-6-,14-7+/t17-,19-/m1/s1",XYKVOCNWMFQQKL-NZBROFJPSA-N,1,313.1803697,15.73590868
PMA_000001,331.1903853,1+,UNPD1,C20H26O4,Positive,330.1831093,UNPD1,CC(C)C1CC(=O)C(=CCC=C(C)/CC(=O)CC2=CC1OC2=O)C,"InChI=1/C20H26O4/c1-12(2)17-11-18(22)14(4)7-5-6-13(3)8-16(21)9-15-10-19(17)24-20(15)23/h6-7,10,12,17,19H,5,8-9,11H2,1-4H3/b13-6-,14-7+/t17-,19-/m1/s1",XYKVOCNWMFQQKL-NZBROFJPSA-N,1,315.1596342,1.013319757
PMA_000001,331.1903853,1+,UNPD1,C20H26O4,Positive,330.1831093,UNPD1,CC(C)C1CC(=O)C(=CCC=C(C)/CC(=O)CC2=CC1OC2=O)C,"InChI=1/C20H26O4/c1-12(2)17-11-18(22)14(4)7-5-6-13(3)8-16(21)9-15-10-19(17)24-20(15)23/h6-7,10,12,17,19H,5,8-9,11H2,1-4H3/b13-6-,14-7+/t17-,19-/m1/s1",XYKVOCNWMFQQKL-NZBROFJPSA-N,1,331.1909343,49.55935183
PMA_000001,331.1903853,1+,UNPD1,C20H26O4,Positive,330.1831093,UNPD1,CC(C)C1CC(=O)C(=CCC=C(C)/CC(=O)CC2=CC1OC2=O)C,"InChI=1/C20H26O4/c1-12(2)17-11-18(22)14(4)7-5-6-13(3)8-16(21)9-15-10-19(17)24-20(15)23/h6-7,10,12,17,19H,5,8-9,11H2,1-4H3/b13-6-,14-7+/t17-,19-/m1/s1",XYKVOCNWMFQQKL-NZBROFJPSA-N,1,43.05477522,3.050923889
PMA_000001,331.1903853,1+,UNPD1,C20H26O4,Positive,330.1831093,UNPD1,CC(C)C1CC(=O)C(=CCC=C(C)/CC(=O)CC2=CC1OC2=O)C,"InChI=1/C20H26O4/c1-12(2)17-11-18(22)14(4)7-5-6-13(3)8-16(21)9-15-10-19(17)24-20(15)23/h6-7,10,12,17,19H,5,8-9,11H2,1-4H3/b13-6-,14-7+/t17-,19-/m1/s1",XYKVOCNWMFQQKL-NZBROFJPSA-N,1,57.07042529,2.772369209
PMA_000001,331.1903853,1+,UNPD1,C20H26O4,Positive,330.1831093,UNPD1,CC(C)C1CC(=O)C(=CCC=C(C)/CC(=O)CC2=CC1OC2=O)C,"InChI=1/C20H26O4/c1-12(2)17-11-18(22)14(4)7-5-6-13(3)8-16(21)9-15-10-19(17)24-20(15)23/h6-7,10,12,17,19H,5,8-9,11H2,1-4H3/b13-6-,14-7+/t17-,19-/m1/s1",XYKVOCNWMFQQKL-NZBROFJPSA-N,1,67.05477522,2.319690931
PMA_000001,331.1903853,1+,UNPD1,C20H26O4,Positive,330.1831093,UNPD1,CC(C)C1CC(=O)C(=CCC=C(C)/CC(=O)CC2=CC1OC2=O)C,"InChI=1/C20H26O4/c1-12(2)17-11-18(22)14(4)7-5-6-13(3)8-16(21)9-15-10-19(17)24-20(15)23/h6-7,10,12,17,19H,5,8-9,11H2,1-4H3/b13-6-,14-7+/t17-,19-/m1/s1",XYKVOCNWMFQQKL-NZBROFJPSA-N,1,71.08607535,2.16201865
PMA_000001,331.1903853,1+,UNPD1,C20H26O4,Positive,330.1831093,UNPD1,CC(C)C1CC(=O)C(=CCC=C(C)/CC(=O)CC2=CC1OC2=O)C,"InChI=1/C20H26O4/c1-12(2)17-11-18(22)14(4)7-5-6-13(3)8-16(21)9-15-10-19(17)24-20(15)23/h6-7,10,12,17,19H,5,8-9,11H2,1-4H3/b13-6-,14-7+/t17-,19-/m1/s1",XYKVOCNWMFQQKL-NZBROFJPSA-N,1,81.07042529,2.046797952
PMA_000001,331.1903853,1+,UNPD1,C20H26O4,Positive,330.1831093,UNPD1,CC(C)C1CC(=O)C(=CCC=C(C)/CC(=O)CC2=CC1OC2=O)C,"InChI=1/C20H26O4/c1-12(2)17-11-18(22)14(4)7-5-6-13(3)8-16(21)9-15-10-19(17)24-20(15)23/h6-7,10,12,17,19H,5,8-9,11H2,1-4H3/b13-6-,14-7+/t17-,19-/m1/s1",XYKVOCNWMFQQKL-NZBROFJPSA-N,1,95.04968984,4.045068281
PMA_000001,331.1903853,1+,UNPD1,C20H26O4,Positive,330.1831093,UNPD1,CC(C)C1CC(=O)C(=CCC=C(C)/CC(=O)CC2=CC1OC2=O)C,"InChI=1/C20H26O4/c1-12(2)17-11-18(22)14(4)7-5-6-13(3)8-16(21)9-15-10-19(17)24-20(15)23/h6-7,10,12,17,19H,5,8-9,11H2,1-4H3/b13-6-,14-7+/t17-,19-/m1/s1",XYKVOCNWMFQQKL-NZBROFJPSA-N,1,97.06533991,5.50430183
PMA_000001,331.1903853,1+,UNPD1,C20H26O4,Positive,330.1831093,UNPD1,CC(C)C1CC(=O)C(=CCC=C(C)/CC(=O)CC2=CC1OC2=O)C,"InChI=1/C20H26O4/c1-12(2)17-11-18(22)14(4)7-5-6-13(3)8-16(21)9-15-10-19(17)24-20(15)23/h6-7,10,12,17,19H,5,8-9,11H2,1-4H3/b13-6-,14-7+/t17-,19-/m1/s1",XYKVOCNWMFQQKL-NZBROFJPSA-N,1,99.08098997,3.17163188
PMA_000001,331.1903853,1+,UNPD1,C20H26O4,Positive,330.1831093,UNPD1,CC(C)C1CC(=O)C(=CCC=C(C)/CC(=O)CC2=CC1OC2=O)C,"InChI=1/C20H26O4/c1-12(2)17-11-18(22)14(4)7-5-6-13(3)8-16(21)9-15-10-19(17)24-20(15)23/h6-7,10,12,17,19H,5,8-9,11H2,1-4H3/b13-6-,14-7+/t17-,19-/m1/s1",XYKVOCNWMFQQKL-NZBROFJPSA-N,1,135.08099,2.120690413
PMA_000001,331.1903853,1+,UNPD1,C20H26O4,Positive,330.1831093,UNPD1,CC(C)C1CC(=O)C(=CCC=C(C)/CC(=O)CC2=CC1OC2=O)C,"InChI=1/C20H26O4/c1-12(2)17-11-18(22)14(4)7-5-6-13(3)8-16(21)9-15-10-19(17)24-20(15)23/h6-7,10,12,17,19H,5,8-9,11H2,1-4H3/b13-6-,14-7+/t17-,19-/m1/s1",XYKVOCNWMFQQKL-NZBROFJPSA-N,1,137.09664,2.75543556
PMA_000001,331.1903853,1+,UNPD1,C20H26O4,Positive,330.1831093,UNPD1,CC(C)C1CC(=O)C(=CCC=C(C)/CC(=O)CC2=CC1OC2=O)C,"InChI=1/C20H26O4/c1-12(2)17-11-18(22)14(4)7-5-6-13(3)8-16(21)9-15-10-19(17)24-20(15)23/h6-7,10,12,17,19H,5,8-9,11H2,1-4H3/b13-6-,14-7+/t17-,19-/m1/s1",XYKVOCNWMFQQKL-NZBROFJPSA-N,1,151.1122901,1.883822293
PMA_000001,331.1903853,1+,UNPD1,C20H26O4,Positive,330.1831093,UNPD1,CC(C)C1CC(=O)C(=CCC=C(C)/CC(=O)CC2=CC1OC2=O)C,"InChI=1/C20H26O4/c1-12(2)17-11-18(22)14(4)7-5-6-13(3)8-16(21)9-15-10-19(17)24-20(15)23/h6-7,10,12,17,19H,5,8-9,11H2,1-4H3/b13-6-,14-7+/t17-,19-/m1/s1",XYKVOCNWMFQQKL-NZBROFJPSA-N,1,161.09664,1.798115277
PMA_000001,331.1903853,1+,UNPD1,C20H26O4,Positive,330.1831093,UNPD1,CC(C)C1CC(=O)C(=CCC=C(C)/CC(=O)CC2=CC1OC2=O)C,"InChI=1/C20H26O4/c1-12(2)17-11-18(22)14(4)7-5-6-13(3)8-16(21)9-15-10-19(17)24-20(15)23/h6-7,10,12,17,19H,5,8-9,11H2,1-4H3/b13-6-,14-7+/t17-,19-/m1/s1",XYKVOCNWMFQQKL-NZBROFJPSA-N,1,193.0864693,2.532319838
PMA_000001,331.1903853,1+,UNPD1,C20H26O4,Positive,330.1831093,UNPD1,CC(C)C1CC(=O)C(=CCC=C(C)/CC(=O)CC2=CC1OC2=O)C,"InChI=1/C20H26O4/c1-12(2)17-11-18(22)14(4)7-5-6-13(3)8-16(21)9-15-10-19(17)24-20(15)23/h6-7,10,12,17,19H,5,8-9,11H2,1-4H3/b13-6-,14-7+/t17-,19-/m1/s1",XYKVOCNWMFQQKL-NZBROFJPSA-N,1,205.1592403,1.931900578
PMA_000001,331.1903853,1+,UNPD1,C20H26O4,Positive,330.1831093,UNPD1,CC(C)C1CC(=O)C(=CCC=C(C)/CC(=O)CC2=CC1OC2=O)C,"InChI=1/C20H26O4/c1-12(2)17-11-18(22)14(4)7-5-6-13(3)8-16(21)9-15-10-19(17)24-20(15)23/h6-7,10,12,17,19H,5,8-9,11H2,1-4H3/b13-6-,14-7+/t17-,19-/m1/s1",XYKVOCNWMFQQKL-NZBROFJPSA-N,1,231.1021193,2.293520327
PMA_000001,331.1903853,1+,UNPD1,C20H26O4,Positive,330.1831093,UNPD1,CC(C)C1CC(=O)C(=CCC=C(C)/CC(=O)CC2=CC1OC2=O)C,"InChI=1/C20H26O4/c1-12(2)17-11-18(22)14(4)7-5-6-13(3)8-16(21)9-15-10-19(17)24-20(15)23/h6-7,10,12,17,19H,5,8-9,11H2,1-4H3/b13-6-,14-7+/t17-,19-/m1/s1",XYKVOCNWMFQQKL-NZBROFJPSA-N,1,233.1177694,2.263196485
PMA_000001,331.1903853,1+,UNPD1,C20H26O4,Positive,330.1831093,UNPD1,CC(C)C1CC(=O)C(=CCC=C(C)/CC(=O)CC2=CC1OC2=O)C,"InChI=1/C20H26O4/c1-12(2)17-11-18(22)14(4)7-5-6-13(3)8-16(21)9-15-10-19(17)24-20(15)23/h6-7,10,12,17,19H,5,8-9,11H2,1-4H3/b13-6-,14-7+/t17-,19-/m1/s1",XYKVOCNWMFQQKL-NZBROFJPSA-N,1,233.1541549,1.933978882
PMA_000001,331.1903853,1+,UNPD1,C20H26O4,Positive,330.1831093,UNPD1,CC(C)C1CC(=O)C(=CCC=C(C)/CC(=O)CC2=CC1OC2=O)C,"InChI=1/C20H26O4/c1-12(2)17-11-18(22)14(4)7-5-6-13(3)8-16(21)9-15-10-19(17)24-20(15)23/h6-7,10,12,17,19H,5,8-9,11H2,1-4H3/b13-6-,14-7+/t17-,19-/m1/s1",XYKVOCNWMFQQKL-NZBROFJPSA-N,1,235.1334195,1.940827295
PMA_000001,331.1903853,1+,UNPD1,C20H26O4,Positive,330.1831093,UNPD1,CC(C)C1CC(=O)C(=CCC=C(C)/CC(=O)CC2=CC1OC2=O)C,"InChI=1/C20H26O4/c1-12(2)17-11-18(22)14(4)7-5-6-13(3)8-16(21)9-15-10-19(17)24-20(15)23/h6-7,10,12,17,19H,5,8-9,11H2,1-4H3/b13-6-,14-7+/t17-,19-/m1/s1",XYKVOCNWMFQQKL-NZBROFJPSA-N,1,247.1334195,2.159295343
PMA_000001,331.1903853,1+,UNPD1,C20H26O4,Positive,330.1831093,UNPD1,CC(C)C1CC(=O)C(=CCC=C(C)/CC(=O)CC2=CC1OC2=O)C,"InChI=1/C20H26O4/c1-12(2)17-11-18(22)14(4)7-5-6-13(3)8-16(21)9-15-10-19(17)24-20(15)23/h6-7,10,12,17,19H,5,8-9,11H2,1-4H3/b13-6-,14-7+/t17-,19-/m1/s1",XYKVOCNWMFQQKL-NZBROFJPSA-N,1,249.1490695,1.935130141
PMA_000001,331.1903853,1+,UNPD1,C20H26O4,Positive,330.1831093,UNPD1,CC(C)C1CC(=O)C(=CCC=C(C)/CC(=O)CC2=CC1OC2=O)C,"InChI=1/C20H26O4/c1-12(2)17-11-18(22)14(4)7-5-6-13(3)8-16(21)9-15-10-19(17)24-20(15)23/h6-7,10,12,17,19H,5,8-9,11H2,1-4H3/b13-6-,14-7+/t17-,19-/m1/s1",XYKVOCNWMFQQKL-NZBROFJPSA-N,1,271.1334195,4.057788789
PMA_000001,331.1903853,1+,UNPD1,C20H26O4,Positive,330.1831093,UNPD1,CC(C)C1CC(=O)C(=CCC=C(C)/CC(=O)CC2=CC1OC2=O)C,"InChI=1/C20H26O4/c1-12(2)17-11-18(22)14(4)7-5-6-13(3)8-16(21)9-15-10-19(17)24-20(15)23/h6-7,10,12,17,19H,5,8-9,11H2,1-4H3/b13-6-,14-7+/t17-,19-/m1/s1",XYKVOCNWMFQQKL-NZBROFJPSA-N,1,273.1490695,1.991487474
PMA_000001,331.1903853,1+,UNPD1,C20H26O4,Positive,330.1831093,UNPD1,CC(C)C1CC(=O)C(=CCC=C(C)/CC(=O)CC2=CC1OC2=O)C,"InChI=1/C20H26O4/c1-12(2)17-11-18(22)14(4)7-5-6-13(3)8-16(21)9-15-10-19(17)24-20(15)23/h6-7,10,12,17,19H,5,8-9,11H2,1-4H3/b13-6-,14-7+/t17-,19-/m1/s1",XYKVOCNWMFQQKL-NZBROFJPSA-N,1,283.169805,4.240036993
PMA_000001,331.1903853,1+,UNPD1,C20H26O4,Positive,330.1831093,UNPD1,CC(C)C1CC(=O)C(=CCC=C(C)/CC(=O)CC2=CC1OC2=O)C,"InChI=1/C20H26O4/c1-12(2)17-11-18(22)14(4)7-5-6-13(3)8-16(21)9-15-10-19(17)24-20(15)23/h6-7,10,12,17,19H,5,8-9,11H2,1-4H3/b13-6-,14-7+/t17-,19-/m1/s1",XYKVOCNWMFQQKL-NZBROFJPSA-N,1,285.185455,2.108387773
PMA_000001,331.1903853,1+,UNPD1,C20H26O4,Positive,330.1831093,UNPD1,CC(C)C1CC(=O)C(=CCC=C(C)/CC(=O)CC2=CC1OC2=O)C,"InChI=1/C20H26O4/c1-12(2)17-11-18(22)14(4)7-5-6-13(3)8-16(21)9-15-10-19(17)24-20(15)23/h6-7,10,12,17,19H,5,8-9,11H2,1-4H3/b13-6-,14-7+/t17-,19-/m1/s1",XYKVOCNWMFQQKL-NZBROFJPSA-N,1,287.1283341,3.350647454
PMA_000001,331.1903853,1+,UNPD1,C20H26O4,Positive,330.1831093,UNPD1,CC(C)C1CC(=O)C(=CCC=C(C)/CC(=O)CC2=CC1OC2=O)C,"InChI=1/C20H26O4/c1-12(2)17-11-18(22)14(4)7-5-6-13(3)8-16(21)9-15-10-19(17)24-20(15)23/h6-7,10,12,17,19H,5,8-9,11H2,1-4H3/b13-6-,14-7+/t17-,19-/m1/s1",XYKVOCNWMFQQKL-NZBROFJPSA-N,1,287.1647196,1.730621002
PMA_000001,331.1903853,1+,UNPD1,C20H26O4,Positive,330.1831093,UNPD1,CC(C)C1CC(=O)C(=CCC=C(C)/CC(=O)CC2=CC1OC2=O)C,"InChI=1/C20H26O4/c1-12(2)17-11-18(22)14(4)7-5-6-13(3)8-16(21)9-15-10-19(17)24-20(15)23/h6-7,10,12,17,19H,5,8-9,11H2,1-4H3/b13-6-,14-7+/t17-,19-/m1/s1",XYKVOCNWMFQQKL-NZBROFJPSA-N,1,287.2011051,4.873306668
PMA_000001,331.1903853,1+,UNPD1,C20H26O4,Positive,330.1831093,UNPD1,CC(C)C1CC(=O)C(=CCC=C(C)/CC(=O)CC2=CC1OC2=O)C,"InChI=1/C20H26O4/c1-12(2)17-11-18(22)14(4)7-5-6-13(3)8-16(21)9-15-10-19(17)24-20(15)23/h6-7,10,12,17,19H,5,8-9,11H2,1-4H3/b13-6-,14-7+/t17-,19-/m1/s1",XYKVOCNWMFQQKL-NZBROFJPSA-N,1,289.1439842,6.651996993
PMA_000001,331.1903853,1+,UNPD1,C20H26O4,Positive,330.1831093,UNPD1,CC(C)C1CC(=O)C(=CCC=C(C)/CC(=O)CC2=CC1OC2=O)C,"InChI=1/C20H26O4/c1-12(2)17-11-18(22)14(4)7-5-6-13(3)8-16(21)9-15-10-19(17)24-20(15)23/h6-7,10,12,17,19H,5,8-9,11H2,1-4H3/b13-6-,14-7+/t17-,19-/m1/s1",XYKVOCNWMFQQKL-NZBROFJPSA-N,1,313.1803697,2.792968373
PMA_000001,331.1903853,1+,UNPD1,C20H26O4,Positive,330.1831093,UNPD1,CC(C)C1CC(=O)C(=CCC=C(C)/CC(=O)CC2=CC1OC2=O)C,"InChI=1/C20H26O4/c1-12(2)17-11-18(22)14(4)7-5-6-13(3)8-16(21)9-15-10-19(17)24-20(15)23/h6-7,10,12,17,19H,5,8-9,11H2,1-4H3/b13-6-,14-7+/t17-,19-/m1/s1",XYKVOCNWMFQQKL-NZBROFJPSA-N,1,313.1803697,8.238249274
PMA_000001,331.1903853,1+,UNPD1,C20H26O4,Positive,330.1831093,UNPD1,CC(C)C1CC(=O)C(=CCC=C(C)/CC(=O)CC2=CC1OC2=O)C,"InChI=1/C20H26O4/c1-12(2)17-11-18(22)14(4)7-5-6-13(3)8-16(21)9-15-10-19(17)24-20(15)23/h6-7,10,12,17,19H,5,8-9,11H2,1-4H3/b13-6-,14-7+/t17-,19-/m1/s1",XYKVOCNWMFQQKL-NZBROFJPSA-N,1,331.1909343,9.343474151
PMA_000001,331.1903853,1+,UNPD1,C20H26O4,Positive,330.1831093,UNPD1,CC(C)C1CC(=O)C(=CCC=C(C)/CC(=O)CC2=CC1OC2=O)C,"InChI=1/C20H26O4/c1-12(2)17-11-18(22)14(4)7-5-6-13(3)8-16(21)9-15-10-19(17)24-20(15)23/h6-7,10,12,17,19H,5,8-9,11H2,1-4H3/b13-6-,14-7+/t17-,19-/m1/s1",XYKVOCNWMFQQKL-NZBROFJPSA-N,1,41.03912516,2.985165364
PMA_000001,331.1903853,1+,UNPD1,C20H26O4,Positive,330.1831093,UNPD1,CC(C)C1CC(=O)C(=CCC=C(C)/CC(=O)CC2=CC1OC2=O)C,"InChI=1/C20H26O4/c1-12(2)17-11-18(22)14(4)7-5-6-13(3)8-16(21)9-15-10-19(17)24-20(15)23/h6-7,10,12,17,19H,5,8-9,11H2,1-4H3/b13-6-,14-7+/t17-,19-/m1/s1",XYKVOCNWMFQQKL-NZBROFJPSA-N,1,51.0234751,1.804550498
PMA_000001,331.1903853,1+,UNPD1,C20H26O4,Positive,330.1831093,UNPD1,CC(C)C1CC(=O)C(=CCC=C(C)/CC(=O)CC2=CC1OC2=O)C,"InChI=1/C20H26O4/c1-12(2)17-11-18(22)14(4)7-5-6-13(3)8-16(21)9-15-10-19(17)24-20(15)23/h6-7,10,12,17,19H,5,8-9,11H2,1-4H3/b13-6-,14-7+/t17-,19-/m1/s1",XYKVOCNWMFQQKL-NZBROFJPSA-N,1,53.03912516,4.720817154
PMA_000001,331.1903853,1+,UNPD1,C20H26O4,Positive,330.1831093,UNPD1,CC(C)C1CC(=O)C(=CCC=C(C)/CC(=O)CC2=CC1OC2=O)C,"InChI=1/C20H26O4/c1-12(2)17-11-18(22)14(4)7-5-6-13(3)8-16(21)9-15-10-19(17)24-20(15)23/h6-7,10,12,17,19H,5,8-9,11H2,1-4H3/b13-6-,14-7+/t17-,19-/m1/s1",XYKVOCNWMFQQKL-NZBROFJPSA-N,1,55.05477522,1.87099782
PMA_000001,331.1903853,1+,UNPD1,C20H26O4,Positive,330.1831093,UNPD1,CC(C)C1CC(=O)C(=CCC=C(C)/CC(=O)CC2=CC1OC2=O)C,"InChI=1/C20H26O4/c1-12(2)17-11-18(22)14(4)7-5-6-13(3)8-16(21)9-15-10-19(17)24-20(15)23/h6-7,10,12,17,19H,5,8-9,11H2,1-4H3/b13-6-,14-7+/t17-,19-/m1/s1",XYKVOCNWMFQQKL-NZBROFJPSA-N,1,57.07042529,11.65330027
PMA_000001,331.1903853,1+,UNPD1,C20H26O4,Positive,330.1831093,UNPD1,CC(C)C1CC(=O)C(=CCC=C(C)/CC(=O)CC2=CC1OC2=O)C,"InChI=1/C20H26O4/c1-12(2)17-11-18(22)14(4)7-5-6-13(3)8-16(21)9-15-10-19(17)24-20(15)23/h6-7,10,12,17,19H,5,8-9,11H2,1-4H3/b13-6-,14-7+/t17-,19-/m1/s1",XYKVOCNWMFQQKL-NZBROFJPSA-N,1,67.05477522,5.626585099
PMA_000001,331.1903853,1+,UNPD1,C20H26O4,Positive,330.1831093,UNPD1,CC(C)C1CC(=O)C(=CCC=C(C)/CC(=O)CC2=CC1OC2=O)C,"InChI=1/C20H26O4/c1-12(2)17-11-18(22)14(4)7-5-6-13(3)8-16(21)9-15-10-19(17)24-20(15)23/h6-7,10,12,17,19H,5,8-9,11H2,1-4H3/b13-6-,14-7+/t17-,19-/m1/s1",XYKVOCNWMFQQKL-NZBROFJPSA-N,1,69.07042529,4.604673441
PMA_000001,331.1903853,1+,UNPD1,C20H26O4,Positive,330.1831093,UNPD1,CC(C)C1CC(=O)C(=CCC=C(C)/CC(=O)CC2=CC1OC2=O)C,"InChI=1/C20H26O4/c1-12(2)17-11-18(22)14(4)7-5-6-13(3)8-16(21)9-15-10-19(17)24-20(15)23/h6-7,10,12,17,19H,5,8-9,11H2,1-4H3/b13-6-,14-7+/t17-,19-/m1/s1",XYKVOCNWMFQQKL-NZBROFJPSA-N,1,71.08607535,2.202940264
PMA_000001,331.1903853,1+,UNPD1,C20H26O4,Positive,330.1831093,UNPD1,CC(C)C1CC(=O)C(=CCC=C(C)/CC(=O)CC2=CC1OC2=O)C,"InChI=1/C20H26O4/c1-12(2)17-11-18(22)14(4)7-5-6-13(3)8-16(21)9-15-10-19(17)24-20(15)23/h6-7,10,12,17,19H,5,8-9,11H2,1-4H3/b13-6-,14-7+/t17-,19-/m1/s1",XYKVOCNWMFQQKL-NZBROFJPSA-N,1,81.07042529,2.844321005
PMA_000001,331.1903853,1+,UNPD1,C20H26O4,Positive,330.1831093,UNPD1,CC(C)C1CC(=O)C(=CCC=C(C)/CC(=O)CC2=CC1OC2=O)C,"InChI=1/C20H26O4/c1-12(2)17-11-18(22)14(4)7-5-6-13(3)8-16(21)9-15-10-19(17)24-20(15)23/h6-7,10,12,17,19H,5,8-9,11H2,1-4H3/b13-6-,14-7+/t17-,19-/m1/s1",XYKVOCNWMFQQKL-NZBROFJPSA-N,1,93.07042529,3.012147014
PMA_000001,331.1903853,1+,UNPD1,C20H26O4,Positive,330.1831093,UNPD1,CC(C)C1CC(=O)C(=CCC=C(C)/CC(=O)CC2=CC1OC2=O)C,"InChI=1/C20H26O4/c1-12(2)17-11-18(22)14(4)7-5-6-13(3)8-16(21)9-15-10-19(17)24-20(15)23/h6-7,10,12,17,19H,5,8-9,11H2,1-4H3/b13-6-,14-7+/t17-,19-/m1/s1",XYKVOCNWMFQQKL-NZBROFJPSA-N,1,95.04968984,4.189488777
PMA_000001,331.1903853,1+,UNPD1,C20H26O4,Positive,330.1831093,UNPD1,CC(C)C1CC(=O)C(=CCC=C(C)/CC(=O)CC2=CC1OC2=O)C,"InChI=1/C20H26O4/c1-12(2)17-11-18(22)14(4)7-5-6-13(3)8-16(21)9-15-10-19(17)24-20(15)23/h6-7,10,12,17,19H,5,8-9,11H2,1-4H3/b13-6-,14-7+/t17-,19-/m1/s1",XYKVOCNWMFQQKL-NZBROFJPSA-N,1,97.06533991,4.434978447
PMA_000001,331.1903853,1+,UNPD1,C20H26O4,Positive,330.1831093,UNPD1,CC(C)C1CC(=O)C(=CCC=C(C)/CC(=O)CC2=CC1OC2=O)C,"InChI=1/C20H26O4/c1-12(2)17-11-18(22)14(4)7-5-6-13(3)8-16(21)9-15-10-19(17)24-20(15)23/h6-7,10,12,17,19H,5,8-9,11H2,1-4H3/b13-6-,14-7+/t17-,19-/m1/s1",XYKVOCNWMFQQKL-NZBROFJPSA-N,1,107.0860754,5.770985641
PMA_000001,331.1903853,1+,UNPD1,C20H26O4,Positive,330.1831093,UNPD1,CC(C)C1CC(=O)C(=CCC=C(C)/CC(=O)CC2=CC1OC2=O)C,"InChI=1/C20H26O4/c1-12(2)17-11-18(22)14(4)7-5-6-13(3)8-16(21)9-15-10-19(17)24-20(15)23/h6-7,10,12,17,19H,5,8-9,11H2,1-4H3/b13-6-,14-7+/t17-,19-/m1/s1",XYKVOCNWMFQQKL-NZBROFJPSA-N,1,135.08099,2.732239117
PMA_000001,331.1903853,1+,UNPD1,C20H26O4,Positive,330.1831093,UNPD1,CC(C)C1CC(=O)C(=CCC=C(C)/CC(=O)CC2=CC1OC2=O)C,"InChI=1/C20H26O4/c1-12(2)17-11-18(22)14(4)7-5-6-13(3)8-16(21)9-15-10-19(17)24-20(15)23/h6-7,10,12,17,19H,5,8-9,11H2,1-4H3/b13-6-,14-7+/t17-,19-/m1/s1",XYKVOCNWMFQQKL-NZBROFJPSA-N,1,137.09664,2.307495349
PMA_000001,331.1903853,1+,UNPD1,C20H26O4,Positive,330.1831093,UNPD1,CC(C)C1CC(=O)C(=CCC=C(C)/CC(=O)CC2=CC1OC2=O)C,"InChI=1/C20H26O4/c1-12(2)17-11-18(22)14(4)7-5-6-13(3)8-16(21)9-15-10-19(17)24-20(15)23/h6-7,10,12,17,19H,5,8-9,11H2,1-4H3/b13-6-,14-7+/t17-,19-/m1/s1",XYKVOCNWMFQQKL-NZBROFJPSA-N,1,153.1279402,1.795707995
PMA_000001,331.1903853,1+,UNPD1,C20H26O4,Positive,330.1831093,UNPD1,CC(C)C1CC(=O)C(=CCC=C(C)/CC(=O)CC2=CC1OC2=O)C,"InChI=1/C20H26O4/c1-12(2)17-11-18(22)14(4)7-5-6-13(3)8-16(21)9-15-10-19(17)24-20(15)23/h6-7,10,12,17,19H,5,8-9,11H2,1-4H3/b13-6-,14-7+/t17-,19-/m1/s1",XYKVOCNWMFQQKL-NZBROFJPSA-N,1,179.0708192,1.995749565
PMA_000001,331.1903853,1+,UNPD1,C20H26O4,Positive,330.1831093,UNPD1,CC(C)C1CC(=O)C(=CCC=C(C)/CC(=O)CC2=CC1OC2=O)C,"InChI=1/C20H26O4/c1-12(2)17-11-18(22)14(4)7-5-6-13(3)8-16(21)9-15-10-19(17)24-20(15)23/h6-7,10,12,17,19H,5,8-9,11H2,1-4H3/b13-6-,14-7+/t17-,19-/m1/s1",XYKVOCNWMFQQKL-NZBROFJPSA-N,1,191.0708192,1.821920952
PMA_000001,331.1903853,1+,UNPD1,C20H26O4,Positive,330.1831093,UNPD1,CC(C)C1CC(=O)C(=CCC=C(C)/CC(=O)CC2=CC1OC2=O)C,"InChI=1/C20H26O4/c1-12(2)17-11-18(22)14(4)7-5-6-13(3)8-16(21)9-15-10-19(17)24-20(15)23/h6-7,10,12,17,19H,5,8-9,11H2,1-4H3/b13-6-,14-7+/t17-,19-/m1/s1",XYKVOCNWMFQQKL-NZBROFJPSA-N,1,193.0864693,1.886473951
PMA_000001,331.1903853,1+,UNPD1,C20H26O4,Positive,330.1831093,UNPD1,CC(C)C1CC(=O)C(=CCC=C(C)/CC(=O)CC2=CC1OC2=O)C,"InChI=1/C20H26O4/c1-12(2)17-11-18(22)14(4)7-5-6-13(3)8-16(21)9-15-10-19(17)24-20(15)23/h6-7,10,12,17,19H,5,8-9,11H2,1-4H3/b13-6-,14-7+/t17-,19-/m1/s1",XYKVOCNWMFQQKL-NZBROFJPSA-N,1,195.1021193,2.690252753
PMA_000001,331.1903853,1+,UNPD1,C20H26O4,Positive,330.1831093,UNPD1,CC(C)C1CC(=O)C(=CCC=C(C)/CC(=O)CC2=CC1OC2=O)C,"InChI=1/C20H26O4/c1-12(2)17-11-18(22)14(4)7-5-6-13(3)8-16(21)9-15-10-19(17)24-20(15)23/h6-7,10,12,17,19H,5,8-9,11H2,1-4H3/b13-6-,14-7+/t17-,19-/m1/s1",XYKVOCNWMFQQKL-NZBROFJPSA-N,1,209.1177694,1.619942801
PMA_000001,331.1903853,1+,UNPD1,C20H26O4,Positive,330.1831093,UNPD1,CC(C)C1CC(=O)C(=CCC=C(C)/CC(=O)CC2=CC1OC2=O)C,"InChI=1/C20H26O4/c1-12(2)17-11-18(22)14(4)7-5-6-13(3)8-16(21)9-15-10-19(17)24-20(15)23/h6-7,10,12,17,19H,5,8-9,11H2,1-4H3/b13-6-,14-7+/t17-,19-/m1/s1",XYKVOCNWMFQQKL-NZBROFJPSA-N,1,233.1177694,3.168127795
PMA_000001,331.1903853,1+,UNPD1,C20H26O4,Positive,330.1831093,UNPD1,CC(C)C1CC(=O)C(=CCC=C(C)/CC(=O)CC2=CC1OC2=O)C,"InChI=1/C20H26O4/c1-12(2)17-11-18(22)14(4)7-5-6-13(3)8-16(21)9-15-10-19(17)24-20(15)23/h6-7,10,12,17,19H,5,8-9,11H2,1-4H3/b13-6-,14-7+/t17-,19-/m1/s1",XYKVOCNWMFQQKL-NZBROFJPSA-N,1,235.169805,2.656309184
PMA_000001,331.1903853,1+,UNPD1,C20H26O4,Positive,330.1831093,UNPD1,CC(C)C1CC(=O)C(=CCC=C(C)/CC(=O)CC2=CC1OC2=O)C,"InChI=1/C20H26O4/c1-12(2)17-11-18(22)14(4)7-5-6-13(3)8-16(21)9-15-10-19(17)24-20(15)23/h6-7,10,12,17,19H,5,8-9,11H2,1-4H3/b13-6-,14-7+/t17-,19-/m1/s1",XYKVOCNWMFQQKL-NZBROFJPSA-N,1,245.1177694,1.977585732
PMA_000001,331.1903853,1+,UNPD1,C20H26O4,Positive,330.1831093,UNPD1,CC(C)C1CC(=O)C(=CCC=C(C)/CC(=O)CC2=CC1OC2=O)C,"InChI=1/C20H26O4/c1-12(2)17-11-18(22)14(4)7-5-6-13(3)8-16(21)9-15-10-19(17)24-20(15)23/h6-7,10,12,17,19H,5,8-9,11H2,1-4H3/b13-6-,14-7+/t17-,19-/m1/s1",XYKVOCNWMFQQKL-NZBROFJPSA-N,1,247.1334195,2.382899105
PMA_000001,331.1903853,1+,UNPD1,C20H26O4,Positive,330.1831093,UNPD1,CC(C)C1CC(=O)C(=CCC=C(C)/CC(=O)CC2=CC1OC2=O)C,"InChI=1/C20H26O4/c1-12(2)17-11-18(22)14(4)7-5-6-13(3)8-16(21)9-15-10-19(17)24-20(15)23/h6-7,10,12,17,19H,5,8-9,11H2,1-4H3/b13-6-,14-7+/t17-,19-/m1/s1",XYKVOCNWMFQQKL-NZBROFJPSA-N,1,249.1490695,2.7584885
PMA_000001,331.1903853,1+,UNPD1,C20H26O4,Positive,330.1831093,UNPD1,CC(C)C1CC(=O)C(=CCC=C(C)/CC(=O)CC2=CC1OC2=O)C,"InChI=1/C20H26O4/c1-12(2)17-11-18(22)14(4)7-5-6-13(3)8-16(21)9-15-10-19(17)24-20(15)23/h6-7,10,12,17,19H,5,8-9,11H2,1-4H3/b13-6-,14-7+/t17-,19-/m1/s1",XYKVOCNWMFQQKL-NZBROFJPSA-N,1,285.1490695,2.401394313
PMA_000001,331.1903853,1+,UNPD1,C20H26O4,Positive,330.1831093,UNPD1,CC(C)C1CC(=O)C(=CCC=C(C)/CC(=O)CC2=CC1OC2=O)C,"InChI=1/C20H26O4/c1-12(2)17-11-18(22)14(4)7-5-6-13(3)8-16(21)9-15-10-19(17)24-20(15)23/h6-7,10,12,17,19H,5,8-9,11H2,1-4H3/b13-6-,14-7+/t17-,19-/m1/s1",XYKVOCNWMFQQKL-NZBROFJPSA-N,1,287.1647196,3.4774553
PMA_000001,331.1903853,1+,UNPD1,C20H26O4,Positive,330.1831093,UNPD1,CC(C)C1CC(=O)C(=CCC=C(C)/CC(=O)CC2=CC1OC2=O)C,"InChI=1/C20H26O4/c1-12(2)17-11-18(22)14(4)7-5-6-13(3)8-16(21)9-15-10-19(17)24-20(15)23/h6-7,10,12,17,19H,5,8-9,11H2,1-4H3/b13-6-,14-7+/t17-,19-/m1/s1",XYKVOCNWMFQQKL-NZBROFJPSA-N,1,287.2011051,2.394753911
PMA_000001,331.1903853,1+,UNPD1,C20H26O4,Positive,330.1831093,UNPD1,CC(C)C1CC(=O)C(=CCC=C(C)/CC(=O)CC2=CC1OC2=O)C,"InChI=1/C20H26O4/c1-12(2)17-11-18(22)14(4)7-5-6-13(3)8-16(21)9-15-10-19(17)24-20(15)23/h6-7,10,12,17,19H,5,8-9,11H2,1-4H3/b13-6-,14-7+/t17-,19-/m1/s1",XYKVOCNWMFQQKL-NZBROFJPSA-N,1,289.1803697,2.718661325
PMA_000001,331.1903853,1+,UNPD1,C20H26O4,Positive,330.1831093,UNPD1,CC(C)C1CC(=O)C(=CCC=C(C)/CC(=O)CC2=CC1OC2=O)C,"InChI=1/C20H26O4/c1-12(2)17-11-18(22)14(4)7-5-6-13(3)8-16(21)9-15-10-19(17)24-20(15)23/h6-7,10,12,17,19H,5,8-9,11H2,1-4H3/b13-6-,14-7+/t17-,19-/m1/s1",XYKVOCNWMFQQKL-NZBROFJPSA-N,1,301.1803697,3.493591553
